Juha,"43,276"
Timo,"42,124"
Matti,"37,674"
Mikko,"37,366"
Kari,"37,102"
Jari,"36,691"
Antti,"35,915"
Mika,"33,058"
Jukka,"32,277"
Markku,"30,386"
Pekka,"28,999"
Hannu,"27,509"
Janne,"27,314"
Sami,"26,145"
Heikki,"26,027"
Ari,"25,827"
Ville,"25,682"
Marko,"24,758"
Seppo,"23,993"
Petri,"23,708"
Jani,"22,550"
Lauri,"21,895"
Teemu,"20,101"
Harri,"18,969"
Jussi,"17,633"
Pasi,"17,569"
Jarmo,"17,469"
Jorma,"17,431"
Erkki,"17,389"
Juho,"17,050"
Jaakko,"17,021"
Niko,"16,930"
Eero,"16,749"
Toni,"16,613"
Risto,"16,249"
Pentti,"16,136"
Jouni,"15,996"
Aleksi,"15,831"
Esa,"15,786"
Markus,"15,727"
Tomi,"15,362"
Tuomas,"15,356"
Arto,"15,299"
Raimo,"14,760"
Olli,"14,625"
Vesa,"14,582"
Joni,"14,461"
Kimmo,"14,312"
Tommi,"14,238"
Pertti,"14,034"
Tero,"13,627"
Martti,"13,435"
Reijo,"13,418"
Eetu,"13,290"
Joonas,"13,230"
Jouko,"13,184"
Leo,"13,148"
Veikko,"12,808"
Henri,"12,703"
Elias,"12,511"
Esko,"11,690"
Jesse,"11,121"
Jarkko,"11,100"
Joona,"11,006"
Kalle,"10,971"
Mikael,"10,776"
Eino,"10,741"
Onni,"10,674"
Ilkka,"10,670"
Matias,"10,145"
Jere,"10,020"
Tuomo,"9,807"
Juuso,"9,707"
Leevi,"9,693"
Paavo,"9,461"
Pauli,"9,273"
Tapio,"9,060"
Arttu,"9,021"
Joel,"9,006"
Daniel,"8,501"
Väinö,"8,473"
Niklas,"8,355"
Jyrki,"8,328"
Veli,"8,267"
Oliver,"8,239"
Simo,"8,195"
Otto,"8,002"
Lasse,"7,966"
Aki,"7,891"
Riku,"7,881"
Veeti,"7,744"
Kai,"7,646"
Keijo,"7,599"
Miika,"7,466"
Niilo,"7,391"
Valtteri,"7,344"
Toivo,"7,313"
Rasmus,"7,266"
Jarno,"7,219"
Juhani,"7,212"
Jan,"6,987"
Anton,"6,857"
Emil,"6,788"
Mauri,"6,721"
Roope,"6,398"
Oskari,"6,139"
Samuel,"6,081"
Santeri,"6,011"
Aapo,"5,926"
Miro,"5,922"
Atte,"5,849"
Rauno,"5,800"
Vilho,"5,754"
Ossi,"5,656"
Anssi,"5,642"
Aaro,"5,629"
Samu,"5,527"
Reino,"5,526"
Ismo,"5,508"
Julius,"5,428"
Kauko,"5,413"
Olavi,"5,373"
Samuli,"5,281"
Tuukka,"5,246"
Teuvo,"5,236"
Eemeli,"5,229"
Lassi,"4,943"
Veijo,"4,903"
Konsta,"4,902"
Kim,"4,884"
Eeli,"4,861"
Eemil,"4,829"
Asko,"4,797"
Max,"4,764"
Jimi,"4,680"
Akseli,"4,656"
Roni,"4,647"
Topi,"4,646"
Alex,"4,588"
Kasper,"4,562"
Viljami,"4,547"
Aatu,"4,513"
Osmo,"4,455"
Benjamin,"4,426"
Johan,"4,410"
Henrik,"4,284"
Vili,"4,271"
Tatu,"4,189"
Hugo,"4,173"
Lenni,"4,173"
Miikka,"4,147"
Johannes,"4,101"
Erik,"4,099"
Oiva,"4,091"
Noel,"4,089"
Patrik,"4,060"
Henry,"4,041"
Jyri,"4,014"
Tauno,"3,969"
Saku,"3,965"
Kalevi,"3,943"
Eelis,"3,934"
Otso,"3,812"
Aimo,"3,798"
Tarmo,"3,766"
Tom,"3,765"
Sakari,"3,744"
Karl,"3,733"
Tapani,"3,728"
Aaron,"3,725"
Taisto,"3,721"
Luka,"3,706"
Viljo,"3,686"
Aarne,"3,679"
Mauno,"3,664"
Kristian,"3,656"
Topias,"3,586"
Nooa,"3,541"
Sauli,"3,521"
Ilpo,"3,479"
Rami,"3,475"
Sebastian,"3,433"
Miska,"3,400"
Yrjö,"3,385"
Iiro,"3,373"
Ahti,"3,357"
Pyry,"3,316"
Jonne,"3,288"
Peter,"3,278"
Veli-Matti,"3,267"
Alexander,"3,247"
Kaj,"3,202"
Jami,"3,179"
Kaarlo,"3,155"
Aatos,"3,126"
Sampo,"3,125"
Lars,"3,115"
Juha-Pekka,"3,082"
Robert,"3,032"
Luukas,"2,965"
Alvar,"2,955"
Nico,"2,940"
Urho,"2,919"
Alpo,"2,911"
Lucas,"2,872"
Robin,"2,869"
Jukka-Pekka,"2,850"
Unto,"2,816"
Jasper,"2,805"
Peetu,"2,778"
Lukas,"2,768"
Thomas,"2,747"
Tony,"2,718"
Kyösti,"2,707"
Miko,"2,706"
Arvo,"2,665"
Aarni,"2,660"
Teppo,"2,637"
Aku,"2,590"
Ilari,"2,583"
Elmeri,"2,581"
Tomas,"2,578"
Santtu,"2,563"
Veikka,"2,562"
Sulo,"2,561"
Petteri,"2,560"
Hans,"2,517"
Heimo,"2,381"
Oskar,"2,355"
Panu,"2,354"
Perttu,"2,349"
Nuutti,"2,330"
Ilmari,"2,319"
Leif,"2,274"
Carl,"2,249"
Jonas,"2,227"
Veli-Pekka,"2,203"
Aulis,"2,184"
Kaapo,"2,180"
Jooa,"2,173"
Juha-Matti,"2,168"
Olli-Pekka,"2,108"
Sisu,"2,108"
Milo,"2,104"
Luca,"2,087"
John,"2,071"
Joonatan,"2,062"
Christian,"2,014"
Oscar,"2,013"
Ali,"2,008"
Frans,"2,007"
Harry,"2,000"
Eemi,"1,998"
Edvin,"1,958"
William,"1,938"
Joakim,"1,932"
Voitto,"1,925"
Justus,"1,919"
Tino,"1,910"
Kasperi,"1,901"
Elmo,"1,895"
Klaus,"1,882"
Axel,"1,862"
Severi,"1,813"
Stefan,"1,800"
Hannes,"1,771"
Lari,"1,768"
Nils,"1,765"
Teijo,"1,763"
Rainer,"1,761"
Jesper,"1,755"
Terho,"1,747"
Paul,"1,744"
Anders,"1,719"
Antero,"1,696"
Manu,"1,680"
Felix,"1,660"
Urpo,"1,658"
Reima,"1,656"
Leon,"1,652"
Tommy,"1,652"
Andreas,"1,626"
Martin,"1,591"
Ari-Pekka,"1,585"
Adam,"1,580"
Marcus,"1,580"
Arvi,"1,563"
Linus,"1,561"
Karri,"1,547"
Vertti,"1,530"
Kimi,"1,510"
Mohamed,"1,508"
Aarno,"1,497"
Eliel,"1,482"
Jerry,"1,482"
Erno,"1,473"
Aarre,"1,472"
Bengt,"1,462"
Kevin,"1,459"
Touko,"1,459"
Jori,"1,456"
Taavi,"1,446"
Taneli,"1,415"
Viktor,"1,405"
Mats,"1,389"
Timi,"1,375"
Noah,"1,366"
Verneri,"1,364"
Stig,"1,357"
Jonathan,"1,339"
Kenneth,"1,335"
Patrick,"1,329"
Rolf,"1,318"
Iivo,"1,312"
Simon,"1,312"
Michael,"1,285"
Jiri,"1,266"
Mico,"1,253"
Casper,"1,247"
Jari-Pekka,"1,237"
Sven,"1,232"
Liam,"1,230"
Fredrik,"1,226"
Björn,"1,204"
David,"1,200"
Ralf,"1,198"
Tobias,"1,179"
Rauli,"1,167"
Eerik,"1,149"
Kurt,"1,140"
Tenho,"1,135"
Juhana,"1,132"
Kalervo,"1,116"
Ahmed,"1,102"
Teo,"1,100"
Niki,"1,096"
Tuure,"1,094"
Artturi,"1,083"
Per,"1,074"
Raine,"1,070"
Elia,"1,067"
Bo,"1,065"
Tiitus,"1,058"
Magnus,"1,047"
Gabriel,"1,045"
Dan,"1,043"
Venni,"1,039"
Mathias,"1,032"
Aamos,"1,025"
Albert,"1,001"
Kosti,"1,000"
Sampsa,997
Sasu,990
Victor,989
Joose,978
Ulf,977
Jan-Erik,964
Niila,956
Jalo,946
Ukko,938
Noa,929
Visa,919
Rafael,918
Jose,916
Oula,915
Ville-Veikko,915
Jens,908
Erkka,899
Filip,889
Armas,888
Nikolas,888
Iikka,883
Okko,878
Jeremias,876
Paulus,876
Antton,865
Heino,863
Christer,860
Mohammad,859
Petrus,856
Mio,851
Vincent,847
Theo,836
Iivari,835
Amos,834
Aleksanteri,828
Allan,811
Kjell,805
Niclas,796
Roger,791
Marco,789
Taito,789
Neo,781
Jonatan,773
Nicolas,771
Krister,770
Jimmy,768
Valto,766
Adrian,763
Auvo,762
Jon,760
Waltteri,760
Ilmo,757
Mohammed,754
Jussi-Pekka,739
Vesa-Matti,737
Eevert,735
Andrei,731
Richard,725
Altti,721
Alf,713
Jare,709
Eric,708
Ilja,708
Helge,703
Mark,703
Kaarle,693
Bror,686
Isak,686
Isto,675
Omar,671
Rene,667
Johnny,662
Elliot,659
Roy,650
Aron,641
Turo,636
Kaius,630
Tim,629
Ben,628
Jim,619
Jonni,619
Nicholas,619
Dennis,618
Atso,613
Aleksandr,611
Sam,608
Göran,599
Miki,597
Walter,596
Muhammad,592
Jalmari,589
Reko,586
Hermanni,584
Petja,582
Christoffer,578
Elis,577
Ibrahim,576
Nikolai,575
Jarl,566
Eppu,556
Jasu,556
Aapeli,555
Aksel,549
Vladimir,549
Frank,548
Torsti,545
Hemmo,543
Ivan,543
Eljas,541
Börje,539
Dani,539
Veini,533
Alvin,532
Tor,528
Amir,521
Pietari,520
Romeo,520
Aukusti,519
Ruben,511
Juri,505
Ville-Pekka,503
Mustafa,501
Sergei,496
Jaro,494
Mirko,492
Elmer,487
Arthur,486
Håkan,485
Valter,484
Pekko,483
Vesa-Pekka,483
Christopher,480
Valo,480
Arno,478
August,477
Nikita,466
Alfred,464
Arne,458
Antti-Jussi,457
Ensio,453
Raino,452
Bjarne,451
Viljam,449
Arvid,447
Kaspian,443
Pontus,441
Pavel,439
Artur,438
Ahmad,437
Roman,436
Igor,435
Antto,432
Gustav,423
Kari-Pekka,421
Abdirahman,419
Maxim,417
Bruno,416
Joa,416
Nicklas,412
Ohto,412
Ronny,412
Vilppu,411
Denis,408
Mattias,408
Nestori,408
Manuel,407
Arsi,406
Antti-Pekka,405
Into,404
Åke,401
Edwin,400
Jakob,400
Einari,399
Albin,397
Joosua,395
Kauno,394
Ivar,393
André,389
Aleksei,388
Samppa,386
Elian,383
Wilhelm,382
Guy,381
Mikke,380
Sten,379
Aake,378
Gunnar,377
Kent,377
Edward,372
Nino,372
James,371
Iisak,369
Osku,368
Kuisma,367
Georg,366
Kristoffer,364
Philip,364
Maximilian,363
Usko,362
Turkka,359
Evert,358
Wille,358
Alvari,357
Melvin,352
Boris,351
Miio,349
Van,349
Eeti,345
Mikhail,345
Rune,345
Maksim,344
Aleksander,343
Jacob,343
Pietu,342
Jonny,341
Hussein,340
Marius,339
Abdullahi,337
Anttoni,337
Dominic,337
Jack,337
Aatto,335
Asmo,335
Julian,334
Tage,334
Joshua,333
Einar,332
Milton,329
Hassan,328
Vihtori,327
Yusuf,326
Karo,325
Karim,324
Aslak,323
Lennart,323
Jason,322
Mitja,319
Ian,317
Konstantin,315
Pete,313
Ville-Petteri,313
Iisakki,312
Oleg,310
Herman,308
Kasimir,308
Matts,307
Aleksis,306
Herkko,306
Edvard,304
Totti,302
Levi,301
Jean,300
Jake,297
Klas,297
Uuno,294
Asser,291
Hamza,291
Kirill,291
Masi,291
Ted,289
Anthony,288
Abdullah,287
Ville-Matti,287
Svante,285
Jari-Matti,283
Verner,283
Sergey,282
Eddie,281
Hannu-Pekka,281
Petro,281
Esa-Pekka,280
Roland,279
Erkko,278
Nikke,278
Anas,277
Ole,277
Pirkka,276
Benny,275
Samir,273
Anselmi,272
Joachim,272
Valde,272
Jasse,271
Andrey,270
Rikhard,270
Ari-Matti,268
Leonardo,268
Wiljami,268
Ove,267
Viggo,267
Jaani,266
Mertsi,266
Rony,266
Wilmer,264
Wäinö,263
Dimitri,261
Toimi,261
Simeon,259
Jörgen,256
Miiko,254
Jone,253
Juho-Pekka,252
Liinus,252
Pessi,252
Bernt,251
Renne,250
Dmitri,248
Hasan,248
Jetro,248
Peik,248
Alec,247
Antonio,247
Daniil,247
Artem,245
Leonel,245
Nemo,245
Petter,245
Sune,245
Timo-Pekka,245
Kuutti,244
Matthew,244
Leonard,243
Carlos,241
Mehmet,241
Said,241
Soini,241
Ismail,240
Charles,239
Elvin,238
Remi,237
Jeremia,234
Leino,234
Maunu,233
Orvo,232
Knut,231
Casimir,228
Dick,228
Kerkko,228
Alexey,226
Ronnie,226
Berndt,223
Niilas,223
Per-Erik,223
Immo,222
Kare,220
Rico,220
Torsten,220
Mike,219
Olof,219
Alexandre,218
Mårten,218
Ola,218
Isac,217
Khalid,217
Amin,215
Andrew,215
Jermu,215
Mohamad,215
Valentin,215
Karl-Erik,214
Tristan,214
Elton,213
Olle,213
Conny,212
Olli-Matti,212
Abdul,211
Dmitry,211
Gösta,211
Lars-Erik,211
Elja,210
Carl-Johan,208
Ernst,208
Milan,208
Raul,208
Abdi,207
Joe,207
Ville-Valtteri,207
Benjam,206
Jesperi,206
Morris,206
Staffan,205
Frej,204
Lionel,204
Mihail,204
Remu,204
Muhammed,203
Vilhelm,203
Kennet,202
Theodor,201
Jali,200
Tore,200
Ami,199
Ossian,198
Aati,197
Colin,197
Aappo,196
Jusa,196
Ryan,196
Hemmi,195
Luke,195
Ron,195
Kristo,193
Mahamed,193
Miklas,193
Caspian,192
Joseph,192
Rudolf,191
Eikka,190
Emir,190
Kauri,190
Jani-Petteri,189
Manne,189
Titus,189
Alfons,188
Charlie,188
Glenn,188
Jaska,188
Marc,188
Otava,188
Huugo,187
Lenny,187
Simo-Pekka,187
Cristian,186
Matteus,185
Aate,184
Zacharias,184
Matteo,183
Micke,183
Vidar,183
Atro,182
Birger,182
René,182
Sixten,182
Alpi,181
Sören,181
Uula,181
Elo,180
Fred,180
Jarko,180
Nathan,180
Sture,180
Ludvig,179
Ken,178
Vladislav,177
Caj,176
Terno,176
Thor,173
Vadim,173
Atlas,172
Sami-Pekka,172
Valtti,172
Verne,172
Kosmo,171
Sami-Petteri,171
Yngve,171
Harald,170
Jaajo,170
Josef,170
Alexi,168
Kari-Matti,168
Benjami,167
Rickard,167
Bilal,166
Myrsky,166
Alan,165
Ilyas,165
Mateo,165
Rayan,165
Bertel,164
Juuse,164
Werner,164
Zakaria,164
Sakke,163
Rufus,162
Saska,162
Evan,161
Karl-Johan,161
Jero,160
Minh,160
Ingmar,159
Juan,159
Miiro,159
Vinski,159
Yasin,159
Elvis,158
Valeri,157
Wiljam,157
Aale,156
Hiski,155
Osman,155
Abel,153
Eeka,153
Jan-Peter,153
Ahto,152
Alexei,152
Jani-Pekka,152
Juho-Matti,152
Emilio,151
Ragnar,151
Dante,149
Eduard,149
Henrikki,149
Jan-Mikael,149
Torbjörn,149
Valle,149
Asla,148
Jeremy,148
Akusti,147
Jiro,147
Karlo,147
Mahdi,147
Aarto,146
Folke,146
Kaino,146
Luis,146
Risto-Matti,146
Eevertti,145
Eliot,145
Ethan,145
Kusti,145
Alvi,144
Adnan,143
Yahya,143
Esa-Matti,142
Miku,142
Niko-Petteri,142
Thanh,142
Tyko,142
Vikke,142
Evgeny,141
Gustaf,141
Kian,141
Havu,139
Timur,139
Anttu,138
George,138
Micael,138
Misa,138
Saul,138
Andre,137
Edgar,137
Dylan,134
Jeri,134
Jyry,134
Md.,134
Roberto,134
Alexis,133
Jirka,133
Mitro,133
Stanislav,133
Sulevi,133
Werneri,133
Fabian,132
Finn,132
Janne-Pekka,132
Helmer,131
Sammy,131
Tuisku,131
Holger,130
Matti-Pekka,130
Md,130
Dmitrii,129
Sean,129
Aleks,127
Juska,127
Lemmy,127
Rauni,127
Roi,127
Abbas,126
Hampus,126
Juhamatti,126
Juha-Petri,126
Malik,126
Timothy,126
Aston,125
Jasperi,125
Miguel,125
Arman,124
Greger,124
Matvei,124
Bertil,123
Chris,123
Juha-Petteri,122
Ville-Markus,122
Emmanuel,121
Emre,121
Jaan,121
Riku-Pekka,121
Clas,120
Kaj-Erik,120
Mahmoud,120
Matheo,120
Huuko,119
Jamiel,119
Kristofer,119
Nuuti,119
Uljas,119
Jeremi,118
Mikko-Pekka,118
Oliwer,118
Toomas,118
Rabbe,117
Tami,117
Weeti,117
Deniz,116
Malte,116
Isaac,115
Claes,114
Imran,114
Pedro,114
Riki,114
Aksu,113
Patric,113
Valdemar,113
Dominik,112
Jamal,112
Jouka,112
Mario,112
Steven,112
Vitali,112
Anatoli,111
Carlo,111
Jaako,111
Khaled,111
Mehdi,111
Muhamed,111
Måns,111
Per-Olof,111
Ruuben,111
Sayed,111
Selim,111
Ayman,110
Brian,110
Leonid,110
Ilia,109
Rio,109
Rudi,109
Arian,108
Miron,108
Sakarias,108
Silvo,108
Jussi-Petteri,107
Melker,107
Musa,107
Abdulkadir,106
Curt,106
Jakke,106
Kullervo,106
Kustaa,106
Taha,106
Wilho,106
Marlo,105
Maximus,105
Stephen,105
Torolf,105
Asseri,104
Diego,104
Eki,104
Milko,104
Nestor,104
Rolle,104
Abdulrahman,103
Ilya,103
Raoul,103
Ruslan,103
Taavetti,103
Youssef,103
Damian,102
Eemu,102
Elijah,102
Harto,102
Mauritz,102
Pieti,102
Ricardo,102
Teodor,102
Aabel,101
Kalle-Pekka,101
Louis,101
Nick,101
Sander,101
Veetu,101
Vilmer,101
Winston,101
Ammar,100
Hamid,100
Kenny,100
Pär,100
Riku-Petteri,100
Valtter,100
Lev,99
Marlon,99
Ante,98
Bo-Erik,98
Eerikki,98
Kaspar,98
Mikki,98
Pepe,98
Vili-Valtteri,98
Egor,97
Josua,97
Jussa,97
Sven-Erik,97
Tito,97
Arimo,96
Auno,96
Claus,96
Wili,96
Aslan,95
Enzo,95
Jan-Olof,95
Jonah,95
Keimo,95
Nelson,95
Ray,95
Ilias,94
Jamie,94
Olav,94
Semi,94
Emppu,93
Jan-Henrik,93
Jerker,93
Murat,93
Ture,93
Akram,92
Alarik,92
José,92
Kuura,92
Marek,92
Niku,92
Petr,92
Runo,92
Ari-Jukka,91
Dag,91
Jerri,91
Jona,91
Sameli,91
Yahye,91
Aram,90
Jani-Matti,90
Joni-Petteri,90
Aki-Petteri,89
Mahad,89
Mikail,89
Mostafa,89
Reetu,89
Duc,88
Eero-Pekka,88
Idris,88
Jooel,88
Lenne,88
Nils-Erik,88
Uolevi,88
Ahmet,87
Armin,87
Caius,87
Joacim,87
Joni-Pekka,87
Karlos,87
Ludwig,87
Pablo,87
Theodore,87
Yousif,87
Alessandro,86
Jayden,86
Joska,86
Matthias,86
Nikolay,86
Quang,86
Ronald,86
Nicky,85
Quoc,85
Totte,85
Carl-Erik,84
Eskil,84
Helmeri,84
Jordan,84
Melwin,84
Reeti,84
Timofei,84
Yousef,84
Anwar,83
Michel,83
Moritz,83
Urmas,83
Alexandros,82
Ekku,82
Hoang,82
Mohamud,82
Morgan,82
Renny,82
Aiden,81
Anthon,81
Emanuel,81
Justin,81
Mahir,81
Marwan,81
Abdifatah,80
Jan-Kristian,80
Riko,80
Syed,80
Timmy,80
Andy,79
Ebbe,79
Jerome,79
Mika-Petteri,79
Nabil,79
Ralph,79
Saad,79
Antti-Juhani,78
Joar,78
Junnu,78
Juno,78
Oleksandr,78
Reh,78
Viacheslav,78
Andrea,77
Andres,77
Ilo,77
Mert,77
Robi,77
Seyed,77
Uno,77
Antti-Ville,76
Danil,76
Darin,76
Hjalmar,76
Jan-Eric,76
Jokke,76
Lennu,76
Miikael,76
Nikolaos,76
Raymond,76
Seemi,76
Veli-Jussi,76
Algot,75
Amar,75
Arlo,75
Ayub,75
Brandon,75
Damien,75
Juho-Antti,75
Konrad,75
Mici,75
Rurik,75
Calle,74
Ere,74
Hans-Erik,74
Jyri-Pekka,74
Olli-Petteri,74
Otto-Ville,74
Ramin,74
Salah,74
Anh,73
Francisco,73
Haidar,73
Miikkael,73
Mika-Petri,73
Reza,73
Stephan,73
Zachary,73
Adil,72
Ariel,72
Danial,72
Franz,72
Hasse,72
Jax,72
Jirko,72
Launo,72
Marcel,72
Omer,72
Tahvo,72
Ömer,72
Ano,71
Antte,71
Diar,71
Halti,71
Jan-Markus,71
Julle,71
Pehr,71
Riku-Matti,71
Tarvo,71
Yury,71
Mika-Matti,70
Mino,70
Nolan,70
Tero-Pekka,70
Adel,69
Alexandr,69
Ernest,69
Francis,69
Georgios,69
Miilo,69
Ngoc,69
Runar,69
Arnold,68
Gleb,68
Jony,68
Jymy,68
Sasha,68
Viking,68
Yasir,68
Carl-Gustav,67
Juho-Petteri,67
Kamal,67
Lenna,67
Masa,67
Miran,67
Osma,67
Salman,67
Steve,67
Vilhelmi,67
Cedric,66
Dion,66
Eli,66
Feetu,66
Harri-Pekka,66
Josi,66
Jukka-Matti,66
Lalli,66
Odin,66
Adem,65
Aito,65
Faisal,65
Farhan,65
Harun,65
Janne-Petteri,65
Johann,65
Jussi-Matti,65
Milad,65
Tomi-Pekka,65
Waldemar,65
Ayuub,64
Hadi,64
Jaron,64
Jemi,64
Juhapekka,64
Paolo,64
Risto-Pekka,64
Saif,64
Bert,63
Herbert,63
Ilppo,63
Jevgeni,63
Kenth,63
Kiril,63
Lion,63
Mika-Pekka,63
Serguei,63
Vili-Petteri,63
Jan-Anders,62
Ollipekka,62
Robertino,62
Salomon,62
Scott,62
Willy,62
Alberto,61
Arho,61
Asad,61
Azad,61
Bastian,61
Jukka-Petteri,61
Karel,61
Nathaniel,61
Omid,61
Sakariye,61
Taimo,61
Veli-Jukka,61
Fjalar,60
Ingvar,60
Jomi,60
Karl-Gustav,60
Konstantinos,60
Rikard,60
Carl-Henrik,59
Danny,59
Eugen,59
Hayder,59
Jore,59
Keni,59
Mustapha,59
Nilo,59
Pasi-Pekka,59
Suleiman,59
Troy,59
Ukko-Pekka,59
Waltter,59
Aadam,58
Aidan,58
Baran,58
Christofer,58
Eirik,58
Emiel,58
Jaakob,58
Jooseppi,58
Jorge,58
Jura,58
Liban,58
Louie,58
Riiko,58
Sven-Olof,58
Zaid,58
Alek,57
Arvin,57
Don,57
Evgenii,57
Huu,57
Janne-Matti,57
Jasin,57
Khalil,57
Kunto,57
Marcos,57
Nicke,57
Raphael,57
Salomo,57
Sipi,57
Trygve,57
Velimatti,57
Aapi,56
Antoni,56
Atle,56
Caspar,56
Cay,56
Elof,56
Elwin,56
Fahad,56
Fedor,56
Florian,56
Hussain,56
Musab,56
Pauno,56
Venne,56
Ville-Oskari,56
Zakariya,56
Devin,55
Emin,55
Farhad,55
Noam,55
Rachid,55
Ricky,55
Ristomatti,55
Stepan,55
Valentino,55
Velu,55
Yunus,55
Alireza,54
Amadeus,54
Farid,54
Feliks,54
Haris,54
Jari-Jukka,54
Karl-Henrik,54
Mikko-Petteri,54
Niiles,54
Paulo,54
Remy,54
Silas,54
Sumu,54
Timo-Jaakko,54
Veli-Heikki,54
Abdulahi,53
Arda,53
Artjom,53
Eben,53
Feeli,53
Glen,53
Hakim,53
Iivar,53
Maxwell,53
Rinaldo,53
Walid,53
Younes,53
Aki-Pekka,52
Aras,52
Arttur,52
Bogdan,52
Carl-Gustaf,52
Dino,52
Ezra,52
Hector,52
Kaapro,52
Kajo,52
Karrar,52
Nasir,52
Ridwan,52
Teddy,52
Vitaly,52
Yassin,52
Ale,51
Bill,51
Birk,51
Eeki,51
Hashim,51
Jaroslav,51
Miso,51
Owen,51
Salim,51
Stig-Erik,51
Toni-Pekka,51
Andrej,50
Darius,50
Derek,50
Efe,50
Egil,50
Ermo,50
Fredric,50
Georgi,50
Jari-Petteri,50
Jedi,50
Jusu,50
Kenan,50
Lamin,50
Markko,50
Nikola,50
Saman,50
Seeti,50
Sylvester,50
Viima,50
Daniele,49
Danila,49
Edi,49
Fatih,49
Isko,49
Jeremiah,49
Karam,49
Kasmir,49
Philippe,49
Pietro,49
Romi,49
Siilas,49
Tarik,49
Toma,49
Vilgot,49
Wilton,49
Zain,49
Aalto,48
Aryan,48
Bashir,48
Cosmo,48
Eliah,48
Elliott,48
Enes,48
German,48
Ioannis,48
Jan-Christian,48
Kaleva,48
Majid,48
Tor-Erik,48
Veli-Mikko,48
Ville-Matias,48
Abbe,47
Arif,47
Armo,47
Artti,47
Berat,47
Francesco,47
Hakan,47
Hanad,47
Hilding,47
Hong,47
Juha-Antti,47
Kristjan,47
Lassi-Pekka,47
Osama,47
Raineri,47
Saku-Petteri,47
Seth,47
Tomy,47
Tuan,47
Umar,47
Xuan,47
Yonis,47
Abdiaziz,46
Alaa,46
Dmytro,46
Evald,46
Hüseyin,46
Imad,46
Jeppe,46
Nici,46
Stefano,46
Ate,45
Dimitrios,45
El,45
Filipp,45
Ismael,45
Janek,45
Joas,45
Lars-Johan,45
Mohsen,45
Nima,45
Remo,45
Vesa-Heikki,45
Viki,45
Abdallah,44
Abraham,44
Can,44
Damir,44
Dean,44
Hanno,44
Jay,44
Joni-Matti,44
Joosa,44
Josia,44
Niko-Pekka,44
Sammeli,44
Stig-Olof,44
Taro,44
Veli-Antti,44
Velipekka,44
Veli-Petteri,44
Volter,44
Aare,43
Antony,43
Arash,43
Arni,43
Aziz,43
Calvin,43
Chi,43
Dario,43
Ivo,43
Jukkapekka,43
Leander,43
Lorenzo,43
Paavali,43
Philipp,43
Sigurd,43
Tien,43
Untamo,43
Vitalii,43
Abdel,42
Abubakar,42
Aden,42
Alejandro,42
Anto,42
Ari-Petteri,42
Bernhard,42
Carl-Magnus,42
Daavid,42
Imraan,42
Jeeli,42
Joeli,42
Jopi,42
Lari-Pekka,42
Mahmood,42
Malek,42
Oke,42
Onur,42
Päivö,42
Rodi,42
Sinan,42
Abdirashid,41
Eetu-Petteri,41
Eren,41
Frederick,41
Gregory,41
Hamed,41
Jackson,41
Jani-Petri,41
Jari-Petri,41
Jaso,41
Joosu,41
Kirmo,41
Marvin,41
Miroslav,41
Misca,41
Prince,41
Retu,41
Stig-Göran,41
Vaito,41
Valte,41
Aaku,40
Adiel,40
Allu,40
Amer,40
Angelo,40
Bo-Göran,40
Christos,40
Egon,40
Fernando,40
Firas,40
Freddy,40
Fuad,40
Habib,40
Haider,40
Jamil,40
Léo,40
Luqman,40
Miles,40
Per-Ole,40
Ronni,40
Ruu,40
Sante,40
Sippo,40
Toni-Petteri,40
Torvald,40
Veerti,40
Vilko,40
Yoonis,40
Aaretti,39
Abdinasir,39
Aki-Matti,39
Alve,39
Aro,39
Artin,39
Ayoub,39
Benyamin,39
Bror-Erik,39
Bryan,39
Iisko,39
Juha-Heikki,39
Juhan,39
Lawrence,39
Léon,39
Logan,39
Maher,39
Milian,39
Mubarak,39
Nicolai,39
Orhan,39
Ramazan,39
Santiago,39
Solomon,39
Tarek,39
The,39
Théo,39
Trong,39
Valery,39
Veka,39
Aiman,38
Aku-Petteri,38
Alessio,38
Billy,38
Ehsan,38
Frey,38
Gary,38
Goran,38
Janiel,38
Javier,38
Kai-Erik,38
Koda,38
Lars-Olof,38
Mahamud,38
Marko-Tapio,38
Onni-Pekka,38
Ramses,38
Rickhard,38
Sigge,38
Vasili,38
Aari,37
Ako,37
Andrii,37
Arin,37
Brahim,37
Conrad,37
Dave,37
Duy,37
Eepi,37
Eilo,37
Elyas,37
Fadi,37
Fritz,37
Gia,37
Halil,37
Hamse,37
Hossein,37
Jan-Ole,37
Jerkko,37
Jouna,37
Jules,37
Jusuf,37
Kadir,37
Keith,37
Lauri-Pekka,37
Love,37
Maxime,37
Metin,37
Miitri,37
Mir,37
Misha,37
Niels,37
Paju,37
Pasi-Petteri,37
Paul-Erik,37
Rashid,37
Remus,37
Rian,37
Rino,37
Rudy,37
Saarni,37
Tatu-Pekka,37
Terjo,37
Tomi-Petteri,37
Veino,37
Vieno,37
Viliam,37
Ville-Mikko,37
Abdirisak,36
Andi,36
Arttu-Pekka,36
Cameron,36
Douglas,36
Enver,36
Erpo,36
Evgeni,36
Felipe,36
Gholam,36
Gideon,36
Grigori,36
Hannu-Matti,36
Hendrik,36
Henning,36
Jaime,36
Jalmar,36
Jan-Eerik,36
Kamil,36
Karwan,36
Kris,36
Mainio,36
Mauro,36
Mikko-Matti,36
Neil,36
Nisse,36
Saeed,36
Sonny,36
Tico,36
Valio,36
Veli-Markku,36
Vito,36
Abdirizak,35
Amiir,35
Antti-Matti,35
Bernard,35
Caleb,35
Claudio,35
Donald,35
Edin,35
Eetu-Pekka,35
Elion,35
Emad,35
Gert,35
Göte,35
Hubert,35
Husein,35
Jeffrey,35
Juha-Mikko,35
Kemal,35
Lippo,35
Milos,35
Mustafe,35
Nova,35
Osvald,35
River,35
Rohan,35
Saleh,35
Samy,35
Taim,35
Tomás,35
Willem,35
Aldo,34
Aydin,34
Dan-Erik,34
Enis,34
Erol,34
Fidel,34
Ismet,34
Kaiku,34
Larry,34
Le,34
Micah,34
Mikko-Ville,34
Mortti,34
Muad,34
Nilla,34
Olli-Heikki,34
Peeti,34
Reidar,34
Salmaan,34
Samu-Petteri,34
Tan,34
Vasily,34
Vennu,34
Viet,34
Wertti,34
Wincent,34
Aku-Pekka,33
Alban,33
Alper,33
Alwin,33
Amine,33
Ares,33
Ari-Juhani,33
Arseni,33
Christoph,33
Dana,33
Eddy,33
Elon,33
Emmett,33
Ensar,33
Erkan,33
Jared,33
John-Erik,33
Jüri,33
Jörn,33
Kivi,33
Lars-Göran,33
Matin,33
Mikko-Matias,33
Moses,33
Naser,33
Otto-Pekka,33
Pate,33
Rahim,33
Setti,33
Uki,33
Wisam,33
Zakariye,33
Abdimalik,32
Abdirahim,32
Abukar,32
Ajan,32
Aleksandar,32
Antti-Oskari,32
Austin,32
Bob,32
Carl-Eric,32
Eduardo,32
Eeri,32
Iipo,32
Irfan,32
Iurii,32
Jaki,32
Janus,32
Jere-Petteri,32
Joosef,32
Juho-Ville,32
Lee,32
Leimu,32
Liiban,32
Maahir,32
Margus,32
Mason,32
Mattis,32
Mirka,32
Mitri,32
Muhsin,32
Munasar,32
Nour,32
Nur,32
Olivier,32
Pyry-Petteri,32
Roine,32
Roomeo,32
Thien,32
Trung,32
Ville-Juhani,32
Walle,32
Xavier,32
Yan,32
Abdulaziz,31
Ake,31
Andriy,31
Aran,31
Burhan,31
Cong,31
Dahir,31
Erfan,31
Ervin,31
Fabio,31
Faruk,31
Federico,31
Georgij,31
Harrison,31
Jarre,31
Juho-Heikki,31
Juho-Matias,31
Kasim,31
Kelvin,31
Kyle,31
Laith,31
Luan,31
Miklos,31
Misael,31
Nalle,31
Nikolaj,31
Olli-Jussi,31
Pellervo,31
Pierre,31
Salar,31
Samer,31
Samu-Pekka,31
Semen,31
Silver,31
Simopekka,31
Stanley,31
Vili-Veikko,31
Vinh,31
Wiggo,31
Yannick,31
Yuusuf,31
Abdurahman,30
Abu,30
Ailu,30
Ameer,30
Amjad,30
András,30
Ara,30
Ardian,30
Art,30
Attila,30
Davin,30
Faysal,30
Ferhat,30
Hans-Peter,30
Heppu,30
Hicham,30
Ingemar,30
Jaxon,30
Jeemi,30
Jouni-Pekka,30
Juha-Ville,30
Jürgen,30
Jyri-Petteri,30
Kaappo,30
Kari-Tapio,30
Leopold,30
Loke,30
Maksym,30
Matti-Juhani,30
Murad,30
Muscab,30
Nathanael,30
Peeter,30
Raed,30
Rex,30
Saabir,30
Salih,30
Samson,30
Tani,30
Tariq,30
Timofey,30
Ville-Eemeli,30
Ville-Veikka,30
Yosef,30
Abdelaziz,29
Abdirisaq,29
Abdulla,29
Albion,29
Anatolii,29
Antoine,29
Aripekka,29
Connor,29
Ebrahim,29
Eemel,29
Emran,29
Enrico,29
Espen,29
Georgy,29
Hessu,29
Iippo,29
Iouri,29
Isa,29
Janos,29
Johny,29
Jooas,29
Kalle-Petteri,29
Kay,29
Kouta,29
Larri,29
Masoud,29
Maurits,29
Mick,29
Mohanad,29
Morteza,29
Muaad,29
Muhamad,29
Nader,29
Natan,29
Noar,29
Nuno,29
Oki,29
Petros,29
Pyry-Pekka,29
Raman,29
Sabah,29
Shahin,29
Sharif,29
Siimon,29
Simeoni,29
Sirius,29
Veli-Juhani,29
Villiam,29
Wael,29
Waleed,29
Yasser,29
Abdiqani,28
Abdurrahman,28
Ailo,28
Anatoly,28
Anssi-Pekka,28
Arjo,28
Danilo,28
Ernesti,28
Fatmir,28
Fouad,28
Frederik,28
Furkan,28
Gerald,28
Haitham,28
Hamsa,28
Hisham,28
Husam,28
Jethro,28
Jimmie,28
Juha-Markus,28
Juuso-Petteri,28
Lauri-Matti,28
Lino,28
Matvey,28
Mirco,28
Naim,28
Natanael,28
Ramon,28
Ramzi,28
Rane,28
Rebin,28
Rodrigo,28
Safwan,28
Saku-Pekka,28
Sami-Petri,28
Sandro,28
Tor-Björn,28
Tord,28
Umut,28
Vesa-Petteri,28
Yazan,28
Östen,28
Antti-Veikko,27
Ashraf,27
Bruce,27
Cedrik,27
Evgueni,27
Faris,27
Freddie,27
Gennadi,27
Georgii,27
Gilbert,27
Guido,27
Jama,27
Jari-Juhani,27
Jun,27
Jussipekka,27
Kaan,27
Kai-Markus,27
Kalle-Matti,27
Karolus,27
Kassu,27
Kerim,27
Lars-Henrik,27
Leo-Pekka,27
Lias,27
Lorenz,27
Mehran,27
Mergim,27
Michal,27
Mihkel,27
Mooses,27
Mustaf,27
Nikko,27
Nuka,27
Nuur,27
Penna,27
Rick,27
Ronan,27
Sacha,27
Sajjad,27
Serhat,27
Shayan,27
Soran,27
Terry,27
Tomasz,27
Tyler,27
Valon,27
Veeti-Valtteri,27
Velmeri,27
Vesa-Jukka,27
Ville-Antti,27
Zana,27
Zion,27
Abdalla,26
Abdikarim,26
Afrim,26
Alain,26
Amadou,26
Andréas,26
Asa,26
Astor,26
Demir,26
Dilan,26
Dinh,26
Eero-Matti,26
Egzon,26
Gael,26
Ghulam,26
Giovanni,26
Gustavo,26
Hartti,26
Hektor,26
Hemi,26
Henri-Pekka,26
Jad,26
Jakub,26
Jani-Markus,26
Joni-Markus,26
Joonas-Petteri,26
Jori-Pekka,26
Josiah,26
Kilian,26
Lars-Eric,26
Leonidas,26
Lowe,26
Mahmud,26
Mansur,26
Masud,26
Michele,26
Mikkel,26
Momodou,26
Nasim,26
Nicolás,26
Olli-Veikko,26
Reda,26
Sebastien,26
Sébastien,26
Serkan,26
Thiago,26
Ukri,26
Viatcheslav,26
Ville-Joonas,26
Ville-Samuli,26
Voima,26
Volodymyr,26
Vu,26
Wiljo,26
Yaasir,26
Zayn,26
Abdirahmaan,25
Adriano,25
Angel,25
Aren,25
Arkan,25
Armend,25
Ba,25
Bekim,25
Besnik,25
Carolus,25
Darren,25
Davi,25
Demian,25
Dexter,25
Dmitrij,25
Dorian,25
Eden,25
Eeben,25
Efraim,25
Emerik,25
Ensi,25
Ernesto,25
Ewan,25
Guled,25
Haakon,25
Heikki-Pekka,25
Jaakko-Pekka,25
Jacques,25
Jafar,25
Janrik,25
Julio,25
Jyri-Matti,25
Kai-Kristian,25
Kirka,25
Kuuno,25
Lasse-Pekka,25
Makar,25
Mamadou,25
Manh,25
Massimo,25
Meelis,25
Michail,25
Nael,25
Nikki,25
Niko-Matti,25
Oma,25
Pasi-Matti,25
Peitsa,25
Päiviö,25
Rani,25
Rion,25
Roihu,25
Sani,25
Sasa,25
Savva,25
Shawn,25
Sigvard,25
Soni,25
Stefanos,25
Sulaiman,25
Tanu,25
Todd,25
Tomek,25
Tom-Erik,25
Varma,25
Vili-Pekka,25
Ville-Heikki,25
Vjatseslav,25
Wiktor,25
Wilson,25
Yassine,25
Abd,24
Abderrahmane,24
Abshir,24
Akira,24
Alen,24
Alvaro,24
Anselm,24
Antti-Petteri,24
Anuar,24
Arham,24
Aso,24
Davide,24
Dominick,24
Ebrima,24
Elio,24
Ellis,24
Enso,24
Farzad,24
Gerhard,24
Giuseppe,24
Hai,24
Imre,24
Jarto,24
Jegor,24
Jerko,24
Jibril,24
Josa,24
Juha-Tapio,24
Juho-Jaakko,24
Julien,24
Kai-Mikael,24
Kari-Juhani,24
Khadar,24
Kim-Erik,24
Leart,24
Lenni-Kalle,24
Lio,24
Maks,24
Markos,24
Maximillian,24
Meo,24
Mica,24
Mukhtar,24
Nadir,24
Nali,24
Nazar,24
Nhat,24
Noor,24
Noureddine,24
Onni-Oskari,24
Peder,24
Per-Henrik,24
Rain,24
Rein,24
Riad,24
Riku-Ville,24
Ringo,24
Sami-Matti,24
Sergio,24
Tero-Matti,24
Thai,24
Toby,24
Veli-Markus,24
Ville-Waltteri,24
Wictor,24
Xander,24
Yaroslav,24
Yaser,24
Ylermi,24
Aape,23
Aatami,23
Abdellah,23
Abdihakim,23
Aldin,23
Alexandru,23
Alfie,23
Andrés,23
Anil,23
Are,23
Ari-Jussi,23
Arsenii,23
Axl,23
Ayad,23
Bayram,23
Benedict,23
Bujar,23
Constantin,23
Didrik,23
Driss,23
Emrah,23
Ervo,23
Gennady,23
Grigory,23
Hermann,23
Iman,23
Indrek,23
István,23
Jaden,23
Jalle,23
Janne-Juhani,23
Jiko,23
Jommi,23
Juha-Veikko,23
Jukka-Tapio,23
Jurij,23
Leni,23
Mete,23
Muisto,23
Nando,23
Navid,23
Nikodemus,23
Ora,23
Roan,23
Robbie,23
Rodion,23
Sakri,23
Salam,23
Salem,23
Sharmarke,23
Sherif,23
Suheyb,23
Sultan,23
Tiko,23
Tommie,23
Touho,23
Velmu,23
Vladyslav,23
Walther,23
Yacine,23
Adan,22
Adi,22
Adnaan,22
Agim,22
Almir,22
Antonios,22
Antreas,22
Antti-Eemeli,22
Antti-Heikki,22
Arben,22
Ari-Heikki,22
Ari-Petri,22
Aris,22
Arsalan,22
Ayan,22
Baris,22
Bassam,22
Bilaal,22
Burak,22
Bülent,22
Carl-Oscar,22
Dany,22
Daud,22
Deon,22
Eelon,22
Eetu-Oskari,22
Eldar,22
Elijas,22
Emile,22
Erick,22
Faton,22
Frans-Emil,22
Georges,22
Hamze,22
Hardy,22
Henno,22
Ilhan,22
Jere-Pekka,22
Joan,22
Jontte,22
Kawa,22
Kerem,22
Koitto,22
Krishna,22
León,22
Lewis,22
Liibaan,22
Loui,22
Malcolm,22
Mart,22
Mikel,22
Mojtaba,22
Muhannad,22
Nichlas,22
Nikolaus,22
Niro,22
Rebwar,22
Reni,22
Reuben,22
Riccardo,22
Rida,22
Rinor,22
Rocky,22
Roobert,22
Sem,22
Sulho,22
Tahir,22
Terje,22
Thure,22
Timo-Juhani,22
Troi,22
Valerii,22
Veli-Ville,22
Weikka,22
Yann,22
Yki,22
Yonatan,22
Zaki,22
Ziad,22
Zoltán,22
Abdiasis,21
Abdikadir,21
Aivar,21
Akim,21
Aku-Matti,21
Alp,21
Amit,21
Anis,21
Armando,21
Ata,21
Bashar,21
Bengt-Erik,21
Björn-Erik,21
Carl-Axel,21
Diyar,21
Eddi,21
Eliam,21
Erland,21
Farah,21
Firat,21
Gökhan,21
Hani,21
Hari,21
Henkka,21
Immanuel,21
Jaanus,21
Jalal,21
Jan-Krister,21
Jan-Ove,21
Jiska,21
Joni-Petri,21
Juhopekka,21
Juko,21
Jurkka,21
Kaarne,21
Kalle-Antti,21
Kamran,21
Karl-Oskar,21
Lorik,21
Manfred,21
Matti-Petteri,21
Mazen,21
Mihhail,21
Mirza,21
Modou,21
Mubashir,21
Najib,21
Olli-Juhani,21
Ossi-Pekka,21
Ousman,21
Pekka-Juhani,21
Petrik,21
Piotr,21
Platon,21
Reini,21
Ropi,21
Rostislav,21
Safet,21
Sami-Jussi,21
Seif,21
Shane,21
Sina,21
Soheil,21
Talha,21
Teim,21
Timoteus,21
Trevor,21
Tuovi,21
Tyson,21
Ugur,21
Ulrik,21
Upi,21
Usama,21
Usman,21
Veli-Petri,21
Vellu,21
Vesa-Petri,21
Vide,21
Vilmeri,21
Yaqub,21
Younis,21
Yousuf,21
Yuri,21
Yusef,21
Abas,20
Abdelkader,20
Abdishakur,20
Abdulqadir,20
Adolf,20
Aman,20
Amiin,20
Andrus,20
Anttijussi,20
Arhi,20
Arion,20
Artan,20
Artemi,20
Atilla,20
Ayden,20
Besim,20
Cai,20
Carl-Christian,20
Casmir,20
Dage,20
Edmond,20
Eeropekka,20
Eliott,20
Erwin,20
Feija,20
Feodor,20
Ferdinand,20
Filippo,20
Finley,20
Gaius,20
Harold,20
Ilir,20
Ilmar,20
Ilyaas,20
Ioan,20
Jakov,20
Jami-Petteri,20
Jasim,20
Jawad,20
Jude,20
Jusef,20
Kaj-Olof,20
Kalle-Oskari,20
Kristopher,20
Lennox,20
Marios,20
Mateus,20
Matti-Jussi,20
Mesut,20
Micky,20
Miika-Matias,20
Moussa,20
Nguyen,20
Noe,20
Olaf,20
Ollimatti,20
Olli-Mikko,20
Othman,20
Pirkka-Pekka,20
Poju,20
Raikko,20
Rocco,20
Rory,20
Ross,20
Sabir,20
Sami-Ville,20
Samuele,20
Sandor,20
Seelim,20
Serge,20
Sirwan,20
Sointu,20
Tamás,20
Thommy,20
Tommaso,20
Travis,20
Tryggve,20
Urban,20
Vedat,20
Vitaliy,20
Zack,20
Zakarias,20
Zein,20
Adrien,19
Ahvo,19
Akil,19
Alho,19
Amel,19
Ayaan,19
Ayhan,19
Babak,19
Basil,19
Carl-Mikael,19
Denys,19
Dima,19
Eetvi,19
Fedja,19
Guillermo,19
Hamzah,19
Hannu-Heikki,19
Henric,19
Huy,19
Ihab,19
Iljas,19
Ilkka-Kristian,19
Innocent,19
Ion,19
Isaiah,19
Israel,19
Jaafar,19
Jan-Christer,19
Jaromir,19
Jeff,19
Jere-Matti,19
Jesse-Petteri,19
Jockum,19
Juho-Oskari,19
Jukka-Petri,19
Karl-Olof,19
Khaalid,19
Koa,19
Lari-Matti,19
Mansour,19
Marat,19
Mihka,19
Mikko-Juhani,19
Morad,19
Nizar,19
Ollie,19
Panu-Petteri,19
Pawel,19
Péter,19
Ram,19
Ramadan,19
Raphaël,19
Renni,19
Sami-Jukka,19
Semih,19
Siim,19
Stuart,19
Suhaib,19
Sverre,19
Tamer,19
Tao,19
Tempo,19
Tiago,19
Timjami,19
Timo-Matti,19
Utu,19
Veli-Martti,19
Vili-Veikka,19
Ville-Kalle,19
Vilpas,19
Vsevolod,19
Wei,19
Aaret,18
Abdulkarim,18
Adar,18
Aleksej,18
Amon,18
Anik,18
Antti-Jaakko,18
Ari-Mikko,18
Arlind,18
Arsenij,18
Arseny,18
Arton,18
Asher,18
Augustin,18
Avni,18
Aws,18
Besart,18
Blake,18
Blerim,18
Brendan,18
Camilo,18
Caro,18
Cem,18
Cemal,18
Cevin,18
Cole,18
Dmitriy,18
Edis,18
Emrik,18
Enrique,18
Ensti,18
Esapekka,18
Esa-Petteri,18
Ezekiel,18
Félix,18
Finlay,18
Franco,18
Ghaith,18
Gunder,18
Hayden,18
Hiwa,18
Ishak,18
Islam,18
Issa,18
Jarl-Erik,18
Jesus,18
João,18
Jonnie,18
Joona-Petteri,18
Juuso-Pekka,18
Kareem,18
Kingsley,18
Kurt-Erik,18
Lars-Åke,18
László,18
Layth,18
Leandro,18
Lex,18
Lumi,18
Luucas,18
Luuka,18
Lyly,18
Marko-Tapani,18
Matt,18
Matte,18
Mauricio,18
Mirsad,18
Morten,18
Nabeel,18
Nils-Johan,18
Noé,18
Oku,18
Olli-Ville,18
Onni-Matti,18
Orion,18
Oska,18
Per-Johan,18
Qasim,18
Rasul,18
Rodney,18
Roki,18
Ruska,18
Sakaria,18
Sameer,18
Sarmad,18
Serdar,18
Sergii,18
Shaun,18
Taher,18
Talal,18
Tamim,18
Tareq,18
Tarkko,18
Tiera,18
Timitri,18
Tri,18
Vahid,18
Veli-Veikko,18
Vesamatti,18
Vesa-Ville,18
Viimo,18
Vince,18
Vyacheslav,18
Vänni,18
Weikko,18
Yahia,18
Aarav,17
Amaar,17
Amr,17
Antti-Mikael,17
Arn,17
Áron,17
Arsen,17
Arun,17
Bahman,17
Bekir,17
Beni,17
Brage,17
Cao,17
Carl-Olof,17
Castor,17
Cengiz,17
Christophe,17
Cody,17
Craig,17
Crister,17
Cristiano,17
Danel,17
Deniss,17
Edmund,17
Elvar,17
Emel,17
Esra,17
Fadil,17
Feeliks,17
Franklin,17
Gabriele,17
Geoffrey,17
Grigorii,17
Heinz,17
Huima,17
Ihsan,17
Ilkka-Pekka,17
Jaakko-Juhani,17
Jace,17
Janis,17
Jan-Michael,17
Jan-Åke,17
Javad,17
Jere-Matias,17
Jico,17
Juha-Jaakko,17
Juho-Mikko,17
Kai-Petteri,17
Kari-Jukka,17
Kieran,17
Kåre,17
Lennon,17
Mahmut,17
Markku-Pekka,17
Mascuud,17
Miclas,17
Miiku,17
Mourad,17
Munir,17
Muslim,17
Niko-Petri,17
Nooe,17
Norman,17
Onni-Kalle,17
Petu,17
Rahul,17
Rami-Pekka,17
Sadik,17
Sanad,17
Senad,17
Sergiy,17
Suleyman,17
Sunny,17
Tauri,17
Teemu-Pekka,17
Teemu-Petteri,17
Toni-Markus,17
Truong,17
Uoti,17
Veli-Valtteri,17
Ville-Jussi,17
Volkan,17
Wesley,17
Wilhelmi,17
Wolfgang,17
Yakup,17
Ümit,17
Aapro,16
Abderrahim,16
Abdisalam,16
Abdullaahi,16
Akam,16
Ansu,16
Antonis,16
Anttipekka,16
Arbnor,16
Ario,16
Asaad,16
Ati,16
Augustine,16
Bajram,16
Barry,16
Bashiir,16
Behzad,16
Bruuno,16
Cesar,16
Cian,16
Cooper,16
Dang,16
Darian,16
Daris,16
Deni,16
Derrick,16
Dewin,16
Edon,16
Ekke,16
Enok,16
Ercan,16
Erdal,16
Erkka-Pekka,16
Evangelos,16
Fikret,16
Fitim,16
Fredi,16
Gavin,16
Ghassan,16
Hamdi,16
Hamidullah,16
Hardi,16
Haroun,16
Haydar,16
Heikki-Juhani,16
Helke,16
Hendry,16
Hung,16
Iaroslav,16
Ilan,16
Iska,16
Isse,16
Jarkko-Pekka,16
Jasmin,16
Jesse-Joonas,16
Jesse-Pekka,16
Jeton,16
Joah,16
Jonte,16
Juho-Kusti,16
Juho-Tuomas,16
Jörg,16
Kale,16
Kaleb,16
Kalle-Eemeli,16
Kalle-Ville,16
Kami,16
Kari-Jussi,16
Kenzo,16
Kie,16
Leif-Erik,16
Leith,16
Majed,16
Make,16
Marno,16
Masuud,16
Maxi,16
Mentor,16
Merri,16
Mikko-Oskari,16
Mileon,16
Miro-Matias,16
Moustafa,16
Murtada,16
Mykola,16
Nasser,16
Nicola,16
Nipa,16
Noël,16
Noeli,16
Norbert,16
Omran,16
Pami,16
Panagiotis,16
Pavlo,16
Penjami,16
Per-Åke,16
Phillip,16
Piko,16
Rahman,16
Rejan,16
Ronaldo,16
Sadiq,16
Saeid,16
Santino,16
Semir,16
Shaho,16
Shahram,16
Sheikh,16
Shuaib,16
Stavros,16
Stellan,16
Syksy,16
Tane,16
Tate,16
Thore,16
Tommi-Petteri,16
Tran,16
Valeriy,16
Vicente,16
Ville-Aleksi,16
Vinha,16
Väiski,16
Wasim,16
Wiliam,16
Yaman,16
Yilmaz,16
Zakari,16
Zeb,16
Abdellatif,15
Abdulaahi,15
Agron,15
Aku-Ville,15
Aleksey,15
Alfonso,15
Alieu,15
Alpertti,15
Araz,15
Ari-Veikko,15
Ari-Ville,15
Armand,15
Artto,15
Asim,15
Ayaz,15
Aymen,15
Bakhtiar,15
Barham,15
Béla,15
Björn-Olof,15
Carsten,15
Danyal,15
Dimi,15
Edison,15
Eemin,15
Eeno,15
Eino-Pekka,15
Emiliano,15
Erkki-Mikael,15
Eyal,15
Eymen,15
Fares,15
Fionn,15
Geir,15
Haron,15
Iyad,15
Jan-Magnus,15
Jan-Patrik,15
Jari-Antti,15
Jari-Heikki,15
Jayson,15
Jeriko,15
Jerkka,15
Jimmi,15
Jocke,15
Juho-Kalle,15
Juusa,15
Ka,15
Kai-Pekka,15
Kari-Petteri,15
Karol,15
Karzan,15
Kaveh,15
Kert,15
Kien,15
Kjell-Erik,15
Klim,15
Knuut,15
Lare,15
Latif,15
Leroy,15
Lior,15
Luc,15
Mano,15
Marian,15
Marko-Juhani,15
Marwaan,15
Merlin,15
Mickey,15
Mika-Juhani,15
Miljo,15
Mischa,15
Muniir,15
Murtaza,15
Nabiil,15
Neeo,15
Nietos,15
Nihad,15
Nikos,15
Nuh,15
Oktay,15
Onni-Eemeli,15
Paul-Henrik,15
Pavlos,15
Pehr-Erik,15
Per-Eric,15
Rafik,15
Randy,15
Rasim,15
Reimo,15
Reine,15
Repe,15
Ridwaan,15
Roel,15
Sabri,15
Safin,15
Sahil,15
Sahin,15
Salvatore,15
Sami-Antti,15
Samu-Ville,15
Sanjay,15
Sead,15
Sedat,15
Sid,15
Sohrab,15
Tam,15
Tanel,15
Taoufik,15
Taras,15
Tatu-Matti,15
Terence,15
Tian,15
Till,15
Timka,15
Timo-Petteri,15
Toni-Matti,15
Toni-Petri,15
Tyrsky,15
Uuras,15
Uwe,15
Vadym,15
Vanja,15
Vasilii,15
Ville-Hermanni,15
Villematti,15
Ville-Pertti,15
Ville-Vesa,15
Wai,15
Wenni,15
Wihtori,15
Wolf,15
Youcef,15
Yu,15
Zoran,15
Aadolf,14
Abdillahi,14
Abdiwali,14
Abdoulie,14
Abdukadir,14
Adis,14
Adriel,14
Agon,14
Aiham,14
Akif,14
Al,14
Alari,14
Alexandro,14
Alon,14
Anes,14
Arber,14
Armaan,14
Arto-Pekka,14
Arturo,14
Arwid,14
Avi,14
Axeli,14
Axu,14
Badr,14
Bashkim,14
Bedri,14
Behar,14
Benja,14
Bernd,14
Cary,14
Casey,14
Collin,14
Conor,14
Dastan,14
Davood,14
Davud,14
Diako,14
Dominique,14
Doni,14
Edris,14
Ehab,14
Elisei,14
Endrit,14
Esu,14
Even,14
Ewert,14
Fahim,14
Ferenc,14
Florent,14
Fredrick,14
Gerard,14
Giulio,14
Gregor,14
Halid,14
Han,14
Hedi,14
Heinrich,14
Hesham,14
Hussam,14
Ibraahim,14
Idiris,14
Iiro-Pekka,14
Iisai,14
Ikenna,14
Iko,14
Jaapo,14
Jani-Mikael,14
Jarek,14
Jari-Markus,14
Jasir,14
Jihad,14
Jino,14
Joao,14
Joaquin,14
Jousia,14
Jovan,14
Juho-Eemil,14
Junior,14
Kaamos,14
Kai-Eerik,14
Kaj-Mikael,14
Kalle-Juhani,14
Karan,14
Karl-Magnus,14
Kastriot,14
Kayden,14
Khac,14
Kille,14
Kiran,14
Kosma,14
Kushtrim,14
Ledion,14
Liius,14
Lloyd,14
Lorentz,14
Loris,14
Mardin,14
Margo,14
Mariwan,14
Maunus,14
Mazin,14
Mhd,14
Miika-Markus,14
Nadim,14
Nico-Petteri,14
Nils-Olof,14
Obinna,14
Onni-Matias,14
Ossi-Petteri,14
Otto-Oskari,14
Pascal,14
Petar,14
Phuoc,14
Raid,14
Raivo,14
Rajan,14
Ramiz,14
Rando,14
Rei,14
Renato,14
Rollo,14
Rustam,14
Ruudolf,14
Sahand,14
Saki,14
Saku-Matti,14
Samet,14
Samiir,14
Sardar,14
Serafim,14
Simi,14
Sipan,14
Sofiane,14
Sohail,14
Sulayman,14
Timo-Jukka,14
Timo-Tapio,14
Tomer,14
Tommo,14
Ulf-Erik,14
Veeli,14
Veija,14
Veli-Hannu,14
Villeveikko,14
Vilperi,14
Volmari,14
Wilbert,14
Wilfred,14
Yacqub,14
Yacquub,14
Yavuz,14
Yuriy,14
Yussuf,14
Zeid,14
Zubair,14
Zuhair,14
Aavo,13
Abdiwahab,13
Abdiweli,13
Adham,13
Admir,13
Adonis,13
Aki-Jussi,13
Akke,13
Altin,13
Alwar,13
Antti-Jukka,13
Antti-Mikko,13
Apollo,13
Ardit,13
Aref,13
Arjun,13
Arsim,13
Ashkan,13
Atos,13
Atri,13
Auku,13
Awil,13
Bakr,13
Binh,13
Bjørn,13
Bobby,13
Carl-Fredrik,13
Collins,13
Csaba,13
Daan,13
Dai,13
Dan-Anders,13
Dániel,13
Dara,13
Dariush,13
Dawud,13
Deniel,13
Desmond,13
Dior,13
Dome,13
Drilon,13
Ege,13
Elmin,13
Emeka,13
Engin,13
Erdi,13
Erich,13
Erion,13
Erjon,13
Erki,13
Esaias,13
Eugene,13
Fatos,13
Fehmi,13
Fidan,13
Gaurav,13
Gazmend,13
Ghazi,13
Granit,13
Habibullah,13
Hansi,13
Hans-Olof,13
Harvey,13
Hawkar,13
Heikki-Matti,13
Heimer,13
Hemming,13
Hosein,13
Hunter,13
Ilian,13
Immu,13
Ingolf,13
Ingvald,13
Jaber,13
János,13
Jaripekka,13
Jelmeri,13
Joël,13
Joni-Mikael,13
Joonia,13
Joosia,13
Josias,13
Jukka-Tapani,13
Karl-Gustaf,13
Kebba,13
Kiri,13
Krish,13
Kristen,13
Kristof,13
Lars-Peter,13
Laurent,13
Lemmi,13
Lennie,13
Levin,13
Lian,13
Loki,13
Luiz,13
Lulzim,13
Lumo,13
Malakai,13
Manoj,13
Marcelo,13
Markku-Juhani,13
Master,13
Matheus,13
Mattia,13
Matti-Mikael,13
Mickael,13
Mies,13
Mihku,13
Mika-Markus,13
Mishka,13
Mousa,13
Mujtaba,13
Musse,13
Nante,13
Okan,13
Orlando,13
Oswald,13
Otis,13
Otto-Emil,13
Pa,13
Panu-Pekka,13
Pedram,13
Pelle,13
Penja,13
Per-Anders,13
Per-Håkan,13
Pette,13
Phi,13
Phoenix,13
Puro,13
Raad,13
Raafael,13
Rafi,13
Rai,13
Raiko,13
Ramiar,13
Renas,13
Ridha,13
Rieti,13
Roshan,13
Rui,13
Saber,13
Safaa,13
Sai,13
Sajad,13
Sakarie,13
Samo,13
San,13
Sándor,13
Sascha,13
Saveli,13
Shadi,13
Simo-Petteri,13
Sinuhe,13
Slava,13
Solmu,13
Spencer,13
Steffen,13
Suheib,13
Suman,13
Sverker,13
Süleyman,13
Teoman,13
Thorsten,13
Timo-Jussi,13
Tio,13
Toni-Mikael,13
Topi-Matti,13
Uchenna,13
Udo,13
Vasilij,13
Vassili,13
Veli-Pentti,13
Vesa-Veikko,13
Vili-Verneri,13
Ville-Tapio,13
Ville-Tuomas,13
Walto,13
Walton,13
Will,13
Yaxye,13
Youness,13
Younus,13
Zafer,13
Zakarie,13
Zayan,13
Zubeyr,13
Özgür,13
Aadel,12
Abdikani,12
Abdisamad,12
Abdoulaye,12
Adrián,12
Afshin,12
Ajdin,12
Akbar,12
Aki-Petri,12
Aleksandros,12
Alfredo,12
Allen,12
An,12
Andrzej,12
Anmar,12
Anthonio,12
Antti-Einari,12
Antti-Tapio,12
Aqeel,12
Arjan,12
Arkadi,12
Arslan,12
Artemii,12
Ashton,12
Bahram,12
Barzan,12
Belal,12
Bennet,12
Bradley,12
Carl-Göran,12
Clas-Göran,12
Claude,12
Cyril,12
Cyrus,12
Damon,12
Dardan,12
Deepak,12
Denzel,12
Devran,12
Dijar,12
Dimitar,12
Dren,12
Driton,12
Eelo,12
Eetu-Matti,12
Eetu-Ville,12
Eino-Juhani,12
Ekrem,12
Ele,12
Eljami,12
Elmi,12
Emmet,12
Enno,12
Erasmus,12
Erkki-Jussi,12
Erkki-Pekka,12
Eron,12
Esa-Jussi,12
Esteban,12
Etienne,12
Ewald,12
Eyman,12
Fathi,12
Feelix,12
Fenix,12
Flynn,12
Gani,12
Gian,12
Gianluca,12
Grels,12
Grim,12
Haaruun,12
Haci,12
Halit,12
Hans-Göran,12
Hany,12
Hashem,12
Hatem,12
Heiki,12
Heikki-Tapio,12
Hemen,12
Henri-Mikael,12
Hunar,12
Ilai,12
Illi,12
Isam,12
Issam,12
Janko,12
Jann,12
Janne-Markus,12
Jannik,12
Jannis,12
Janno,12
Jan-Sebastian,12
Jari-Jussi,12
Jari-Tapio,12
Jauri,12
Javid,12
Jian,12
Jimy,12
Joannis,12
Jonttu,12
Joona-Pekka,12
Joonathan,12
Josse,12
Juha-Markku,12
Jupiter,12
Jussi-Heikki,12
Kaijus,12
Kajus,12
Kalle-Valtteri,12
Kalle-Veikko,12
Karar,12
Kardo,12
Karipekka,12
Karl-Anton,12
Kelpo,12
Klas-Erik,12
Klas-Göran,12
Lahja,12
Lance,12
Lars-Ole,12
Lassi-Matti,12
Loimu,12
Lotfi,12
Lucius,12
Mael,12
Marcello,12
Marko-Mikael,12
Marko-Pekka,12
Matti-Esko,12
Matts-Erik,12
Maurice,12
Melik,12
Mihai,12
Miihkali,12
Min,12
Mitjo,12
Mohamed-Amin,12
Moise,12
Mokhtar,12
Mounir,12
Muamer,12
Mucaad,12
Muhamet,12
Muharrem,12
Muse,12
Naatan,12
Nadeem,12
Nam,12
Nassim,12
Nedim,12
Nic,12
Nihat,12
Nils-Göran,12
Nio,12
Nuuk,12
Oleksii,12
Olli-Oskari,12
Onni-Elmeri,12
Ozan,12
Parviz,12
Patu,12
Phuc,12
Pjotr,12
Pohto,12
Priit,12
Qais,12
Quinn,12
Raimond,12
Ramesh,12
Ransu,12
Ravi,12
Recep,12
Reittu,12
Riho,12
Rupert,12
Sangar,12
Shahid,12
Sidar,12
Skender,12
Sohaib,12
Sony,12
Storm,12
Suraj,12
Sylvain,12
Taulant,12
Tero-Petteri,12
Timo-Tapani,12
Tomppa,12
Toni-Kristian,12
Toni-Tapio,12
Tonny,12
Tung,12
Vasileios,12
Veiko,12
Veli-Kalle,12
Veli-Tapio,12
Venneri,12
Vesa-Tapio,12
Ville-Sakari,12
Virmo,12
Visa-Pekka,12
Visar,12
Volmar,12
Wahid,12
Walde,12
Waldo,12
Waqas,12
Wojciech,12
Yazid,12
Yoav,12
Yoel,12
Zahir,12
Zayd,12
Aadi,11
Aahil,11
Aamir,11
Abdelkarim,11
Abdelrahman,11
Abdihamid,11
Abdisalan,11
Abdou,11
Abed,11
Abolfazl,11
Aditya,11
Ajmal,11
Aland,11
Alf-Erik,11
Alim,11
Alonso,11
Alpha,11
Amiel,11
Amro,11
Angus,11
Anouar,11
Antti-Matias,11
Archie,11
Arri,11
Asadullah,11
Ashish,11
Assar,11
Astrit,11
Augusti,11
Aurel,11
Aus,11
Azhar,11
Bao,11
Basel,11
Bengt-Olof,11
Berk,11
Bile,11
Bojan,11
Bore,11
Cajus,11
Cecil,11
Chia,11
Cihan,11
Daryl,11
Davy,11
Dawit,11
Declan,11
Dejan,11
Didier,11
Dimitris,11
Dogan,11
Ebenezer,11
Eelia,11
Eemos,11
Efosa,11
Eh,11
Elmar,11
Eloi,11
Erdem,11
Erhan,11
Esa-Petri,11
Essa,11
Farouk,11
Fisnik,11
Flamur,11
Gheorghe,11
Gonzalo,11
Gordon,11
Hafiz,11
Hamish,11
Hao,11
Haval,11
Hemminki,11
Horst,11
Htoo,11
Ibrahima,11
Ignat,11
Ike,11
Iker,11
Ila,11
Illia,11
Iro,11
Jaakko-Matti,11
Jahn,11
Jallu,11
Jamshid,11
Jani-Kristian,11
Jan-Martin,11
Jari-Mikko,11
Jarkko-Juhani,11
Jaroel,11
Jerzy,11
Joackim,11
Jolle,11
Jon-Erik,11
Joni-Juhani,11
Joni-Kristian,11
Joopi,11
Jori-Matti,11
Jori-Petteri,11
Jouni-Matti,11
Juha-Erkki,11
Juha-Veli,11
Juho-Erik,11
Juhomatti,11
Junno,11
Jussi-Joonas,11
Jussi-Mikko,11
Jyri-Petri,11
Kael,11
Kaimo,11
Kai-Petri,11
Kais,11
Kaito,11
Kaj-Henrik,11
Kalev,11
Kalid,11
Kambiz,11
Karri-Pekka,11
Kendrick,11
Kim-Henrik,11
Kim-Johan,11
Kofi,11
Krisse,11
Krzysztof,11
Labinot,11
Lamine,11
Lei,11
Leo-Matti,11
Leone,11
Levente,11
Liekki,11
Liridon,11
Lucian,11
Lukman,11
Luqmaan,11
Majd,11
Marcell,11
Marcin,11
Marko-Petteri,11
Mats-Erik,11
Matthieu,11
Mehrdad,11
Mika-Erik,11
Mikhael,11
Mirac,11
Miro-Petteri,11
Mirwais,11
Mouhamed,11
Muayad,11
Mubarik,11
Muhanad,11
Muktar,11
Murtadha,11
Naava,11
Nana,11
Nedzad,11
Nhu,11
Nicolae,11
Nil,11
Oliveri,11
Olli-Antti,11
Onni-Ilmari,11
Osamah,11
Oscari,11
Peetro,11
Pouya,11
Qusay,11
Ranjit,11
Rayen,11
Reemus,11
Remzi,11
Renat,11
Rey,11
Ridvan,11
Rikumatti,11
Roope-Oskari,11
Rron,11
Rymy,11
Saikou,11
Samba,11
Sami-Kristian,11
Sebastián,11
Seid,11
Selahattin,11
Semmi,11
Sere,11
Seve,11
Shahab,11
Shahzad,11
Shakir,11
Sharmake,11
Shwan,11
Siavash,11
Sindre,11
Soren,11
Sufyan,11
Sunday,11
Sunil,11
Taave,11
Taner,11
Tapsa,11
Taru,11
Tedi,11
Teri,11
Thorbjörn,11
Thord,11
Tijan,11
Timo-Heikki,11
Tobia,11
Toive,11
Tudor,11
Tyr,11
Umberto,11
Unik,11
Urim,11
Valdo,11
Valfrid,11
Veeni,11
Veli-Erkki,11
Veli-Jaakko,11
Veli-Tapani,11
Verni,11
Vexi,11
Vikko,11
Vilbert,11
Vilkko,11
Ville-Mikael,11
Villepekka,11
Ville-Tapani,11
Ville-Veli,11
Vilmo,11
Vinnie,11
Vinsent,11
Visa-Matti,11
Wali,11
Widar,11
Yaseen,11
Yevhenii,11
Yigit,11
Ykä,11
Yonas,11
Yrjänä,11
Zakhar,11
Zane,11
Zsolt,11
Aamo,10
Aapo-Matti,10
Aarush,10
Aato,10
Abdelghani,10
Abdelhamid,10
Abdulfatah,10
Abdulhadi,10
Abdulhakim,10
Adian,10
Áilu,10
Aivo,10
Alexios,10
Amani,10
Amanuel,10
Amor,10
Angelos,10
Ankit,10
Ansel,10
Antti-Olli,10
Arafat,10
Arden,10
Arel,10
Ari-Juha,10
Armen,10
Arnaud,10
Arte,10
Arttu-Eemeli,10
Atakan,10
Athanasios,10
Atik,10
Atte-Oskari,10
Augusto,10
Auro,10
Awat,10
Ayaanle,10
Baboucarr,10
Balázs,10
Batu,10
Batuhan,10
Behnam,10
Blendi,10
Brett,10
Buster,10
Callum,10
Cassius,10
Cemil,10
César,10
Christo,10
Davis,10
Dirk,10
Dler,10
Domenico,10
Drin,10
Duncan,10
Ed,10
Edel,10
Eero-Veikko,10
Efim,10
Eino-Veikko,10
Eldin,10
Elie,10
Elmedin,10
Emilian,10
Emmanouil,10
Enoch,10
Ergin,10
Erko,10
Esam,10
Esamatti,10
Esmail,10
Evren,10
Ezel,10
Fahri,10
Fardin,10
Farshad,10
Fazel,10
Fiilus,10
Florim,10
Frédéric,10
Fride,10
Friedrich,10
Gábor,10
Gene,10
Giacomo,10
Gil,10
Guennadi,10
Hakeem,10
Halmat,10
Hans-Christian,10
Harley,10
Harro,10
Hassen,10
Heikki-Jussi,10
Hemn,10
Hoai,10
Huner,10
Iakov,10
Idan,10
Iiska,10
Ile,10
Ilija,10
Ilyes,10
Jabir,10
Jan-Emil,10
Jani-Jukka,10
Jan-Roger,10
Jari-Juha,10
Jarimatti,10
Jari-Veikko,10
Jasmo,10
Jehki,10
Jemias,10
Jeremie,10
Jesaja,10
Jesse-Juhani,10
Jhonny,10
Jofiel,10
John-Eric,10
Johnson,10
Jones,10
Jonne-Pekka,10
Joona-Matias,10
Joy,10
Juha-Mikael,10
Juha-Pertti,10
Juho-Aleksi,10
Jusse,10
Jussi-Matias,10
Jussi-Tuomas,10
Jyrki-Pekka,10
Kabir,10
Kaido,10
Kaiho,10
Kaj-Johan,10
Kalle-Markus,10
Kamu,10
Karen,10
Kazem,10
Kiaan,10
Kit,10
Ko,10
Kosmos,10
Kostiantyn,10
Kwame,10
Kwok,10
Köpi,10
Kössi,10
Lari-Petteri,10
Lauri-Juhani,10
Leonhard,10
Levent,10
Lucio,10
Luigi,10
Mac,10
Madis,10
Malick,10
Mansoor,10
Mara,10
Marsel,10
Martino,10
Máté,10
Mateusz,10
Matti-Tapio,10
Maximiliam,10
Maximo,10
Mertzi,10
Mickel,10
Miika-Matti,10
Miikka-Matias,10
Mika-Tapio,10
Mikko-Jussi,10
Mille,10
Milot,10
Mohamedamiin,10
Mohammadreza,10
Mose,10
Mosku,10
Muhammet,10
Muzaffer,10
Namo,10
Nataniel,10
Nazir,10
Nermin,10
Nero,10
Nickolas,10
Nidal,10
Nikhil,10
Niklaus,10
Niko-Markus,10
Niko-Ville,10
Nooke,10
Oday,10
Oguz,10
Okke,10
Olov,10
Otto-Eemeli,10
Patryk,10
Pau,10
Perry,10
Petri-Juhani,10
Petri-Mikael,10
Peyman,10
Phuong,10
Preston,10
Pär-Erik,10
Radu,10
Rahmat,10
Raiyan,10
Rakan,10
Rama,10
Ramy,10
Reinhold,10
Rémi,10
Ren,10
Reto,10
Riley,10
Rodin,10
Roopert,10
Routa,10
Ryszard,10
Sabit,10
Saleem,10
Samatar,10
Sandeep,10
Santtu-Pekka,10
Saulus,10
Saw,10
Seán,10
Sergej,10
Set,10
Shamil,10
Sidi,10
Sigfrid,10
Sigvald,10
Silvio,10
Simo-Heikki,10
Sobhan,10
Sten-Olof,10
Stian,10
Svantte,10
Tammi,10
Taylor,10
Tero-Tapio,10
Tex,10
Thaer,10
Thamer,10
Thorolf,10
Tiger,10
Tomi-Matti,10
Tommi-Pekka,10
Topi-Pekka,10
Tuhto,10
Ukkopekka,10
Vallu,10
Vasilios,10
Veli-Tuomas,10
Veniamin,10
Vesa-Antti,10
Vesa-Mikko,10
Ville-Martti,10
Vlad,10
Warren,10
Wellu,10
Wen,10
Wyatt,10
Xhevdet,10
Yassir,10
Ylli,10
Yohannes,10
Yunes,10
Yusif,10
Zachris,10
Zander,10
Ziyad,10
Örjan,10
Aayan,9
Abaas,9
Abdelkrim,9
Abderrahman,9
Abdihakin,9
Abdikariim,9
Abdikarin,9
Abdimaalik,9
Abdirisaaq,9
Abdollah,9
Abdul-Malik,9
Abdulqader,9
Abdulwahab,9
Abdulwahid,9
Abedin,9
Abul,9
Ace,9
Ajay,9
Akash,9
Alar,9
Ales,9
Alexej,9
Alexsander,9
Aliaksandr,9
Alistair,9
Amed,9
Ameen,9
Andri,9
Anse,9
Anssi-Petteri,9
Antti-Ilari,9
Antti-Olavi,9
Apostolos,9
Arad,9
Ardi,9
Argo,9
Aria,9
Ari-Tapani,9
Ari-Tapio,9
Ari-Veli,9
Arttu-Oskari,9
Arturs,9
Asaf,9
Aser,9
Ashwin,9
Asse,9
Asto,9
Atte-Pekka,9
Auri,9
Ayham,9
Ayrton,9
Azizullah,9
Azlan,9
Bailey,9
Bakary,9
Baraa,9
Benno,9
Bishal,9
Blend,9
Borhan,9
Burim,9
Caner,9
Carl-Anders,9
Carl-Michael,9
Carson,9
Casperi,9
Chan,9
Claës,9
Clement,9
Cornelis,9
Curtis,9
Damiel,9
Daniar,9
Dawda,9
Denny,9
Didar,9
Domi,9
Ebou,9
Edric,9
Eepu,9
Eitan,9
Emmanuil,9
Ennio,9
Erblin,9
Eris,9
Erling,9
Ermir,9
Esad,9
Esat,9
Esa-Tapio,9
Esa-Ville,9
Evans,9
Fahd,9
Falah,9
Farhaan,9
Fevzi,9
Filemon,9
Filiph,9
Fridolf,9
Gay,9
Grant,9
Guy-Erik,9
Haarun,9
Hakon,9
Hamit,9
Hans-Henrik,9
Haroon,9
Hayrettin,9
Hazem,9
Heidar,9
Heikka,9
Henri-Matias,9
Holden,9
Hristo,9
Iise,9
Iku,9
Inge,9
Iosif,9
Ishaq,9
Jaakko-Ilkka,9
Jaakko-Petteri,9
Jaarli,9
Jabbar,9
Jael,9
Jafet,9
Jakim,9
Jame,9
Jamo,9
Jan-Gustav,9
Jan-Håkan,9
Jani-Juhani,9
Jani-Tapani,9
Janne-Veikko,9
Jari-Ville,9
Jarno-Petteri,9
Jere-Juhani,9
Jericho,9
Jerico,9
Jermi,9
Jermo,9
Jesse-Matias,9
Jochen,9
Johan-Erik,9
Josu,9
Juha-Martti,9
Juha-Tapani,9
Juha-Tuomas,9
Juho-Eemeli,9
Jussimatti,9
Jussi-Ville,9
Juuso-Matias,9
Kaarel,9
Kacper,9
Kadar,9
Kai-Juhani,9
Kaj-Gustav,9
Kamaran,9
Karimatti,9
Kari-Veikko,9
Karl-Anders,9
Karl-Axel,9
Karl-Mikael,9
Kasra,9
Keanu,9
Kemo,9
Keon,9
Khattab,9
Kim-Kristian,9
Kimmo-Petteri,9
Kimo,9
Kim-Peter,9
Kiyan,9
Klaus-Erik,9
Knuutti,9
Konni,9
Kosar,9
Kourosh,9
Kujtim,9
Kuu,9
Lahcen,9
Lahoucine,9
Lajos,9
Lars-Ove,9
Lasse-Matti,9
Lauri-Kalle,9
Lawand,9
Lenno,9
Leo-Petteri,9
Leslie,9
Lincoln,9
Lo,9
Long,9
Luciano,9
Lucien,9
Luna,9
Lyon,9
Maciej,9
Maël,9
Mahamuud,9
Maltti,9
Mani,9
Maslah,9
Masood,9
Matjus,9
Mats-Johan,9
Matti-Oskari,9
Matvej,9
MD.,9
Melih,9
Mervan,9
Micu,9
Mielo,9
Mihalis,9
Miica,9
Mika-Antti,9
Mika-Tapani,9
Mikka,9
Mikko-Samuli,9
Mikko-Tapio,9
Mikolas,9
Miko-Matias,9
Miksu,9
Milco,9
Miliam,9
Milon,9
Mionel,9
Miroel,9
Miska-Matias,9
Mixu,9
Mohamedamin,9
Mohsin,9
Monir,9
Mortaza,9
Mus'ab,9
Muusa,9
Muuse,9
Nahom,9
Najiib,9
Nate,9
Nazmi,9
Nedal,9
Neko,9
Nemanja,9
Nenad,9
Nevzat,9
Nexhat,9
Nhut,9
Niall,9
Niikka,9
Niikko,9
Nikan,9
Niko-Joonas,9
Nori,9
Olaus,9
Oleksi,9
Oleksiy,9
Olli-Eemeli,9
Olli-Jukka,9
Olli-Kalle,9
Olli-Tapio,9
Olliver,9
Olti,9
Ooke,9
Otto-Petteri,9
Otto-Wille,9
Oumar,9
Oussama,9
Owe,9
Papu,9
Pasi-Petri,9
Pauli-Petteri,9
Pave,9
Peeta,9
Pehr-Olof,9
Peppe,9
Per-Göran,9
Petrit,9
Puja,9
Qendrim,9
Quy,9
Rabah,9
Raffaele,9
Raido,9
Raikas,9
Raj,9
Rajesh,9
Rakesh,9
Ramil,9
Ran,9
Rana,9
Rasoul,9
Rayyan,9
Rebaz,9
Redon,9
Redouane,9
Reeo,9
Rehan,9
Reis,9
Reno,9
Reo,9
Repo,9
Rezgar,9
Rohullah,9
Rolando,9
Roma,9
Romet,9
Roni-Petteri,9
Saban,9
Saed,9
Safa,9
Safi,9
Saifullah,9
Sakariya,9
Sami-Seppo,9
Samueli,9
Samu-Matias,9
Santi,9
Saroj,9
Saulo,9
Savelii,9
Sefer,9
Sepe,9
Sero,9
Seyyed,9
Sherko,9
Shukri,9
Simo-Matti,9
Simone,9
Simo-Santeri,9
Sky,9
Sofian,9
Sol,9
Soner,9
Soufiane,9
Sten-Erik,9
Suad,9
Sudais,9
Suhayb,9
Sumit,9
Suresh,9
Sven-Ole,9
Taku,9
Tayfun,9
Tero-Jukka,9
Thobias,9
Thorvald,9
Timofej,9
Timon,9
Timo-Veikko,9
Timy,9
Tin,9
Tini,9
Tom-Henrik,9
Tom-Johan,9
Tomme,9
Ton,9
Torleif,9
Toto,9
Tuncay,9
Turjo,9
Uri,9
Valentine,9
Valmir,9
Vantte,9
Veli-Seppo,9
Vesa-Valtteri,9
Veton,9
Vi,9
Viktori,9
Vilius,9
Villehard,9
Villemarkus,9
Vilpo,9
Vinston,9
Vo,9
Wayne,9
Wilde,9
Wilgot,9
Willi,9
Win,9
Yasar,9
Yll,9
Yunis,9
Yurii,9
Yuval,9
Yves,9
Zac,9
Zackarias,9
Zahar,9
Zahid,9
Zeki,9
Zeyad,9
Zoltan,9
A,8
Aaden,8
Aatu-Eemeli,8
Aayush,8
Abdelhakim,8
Abdelmajid,8
Abdelmalek,8
Abdihakiim,8
Abdilahi,8
Abdisamed,8
Abdo,8
Abdulmajid,8
Abdulmalik,8
Abrar,8
Ade,8
Adib,8
Adin,8
Ahmednur,8
Ahsan,8
Aidin,8
Akin,8
Aki-Ville,8
Alden,8
Aleksandre,8
Alexanteri,8
Anand,8
Anel,8
Anir,8
Ánte,8
Anttijuhani,8
Antti-Sakari,8
Arbër,8
Arimatti,8
Arkko,8
Arnav,8
Arseniy,8
Arti,8
Arttu-Matti,8
Asif,8
Atef,8
Atticus,8
Augustus,8
Aviel,8
Aykut,8
Babatunde,8
Bahri,8
Bart,8
Basim,8
Ben-Erik,8
Berkan,8
Bernardo,8
Bjorn,8
Bleron,8
Bo-Anders,8
Bo-Gustav,8
Boran,8
Brayan,8
Carel,8
Carl-Anton,8
Carl-Emil,8
Carl-Victor,8
Carl-Wilhelm,8
Cédric,8
Celal,8
Chau,8
Chidi,8
Chukwuemeka,8
Chung,8
Cimraan,8
Claes-Göran,8
Daniyal,8
Dávid,8
Davut,8
Deeq,8
Deng,8
Devid,8
Djamel,8
Donat,8
Doron,8
Durim,8
Edouard,8
Edu,8
Eedvin,8
Eelu,8
Eemili,8
Eewert,8
Egert,8
Eiden,8
Eka,8
Ekko,8
Eko,8
Elija,8
Eman,8
Emerson,8
Ermias,8
Ermin,8
Eros,8
Ersin,8
Esa-Heikki,8
Essam,8
Ezzat,8
Fabien,8
Faik,8
Farshid,8
Filippos,8
Fjodor,8
Franck,8
Frode,8
Fynn,8
Gennadii,8
Gezim,8
Gibril,8
Gino,8
Guillaume,8
Hakki,8
Hannu-Petteri,8
Hannu-Tapio,8
Hanssi,8
Harri-Matti,8
Hasen,8
Hawre,8
Haytham,8
Heljo,8
Helmut,8
Henok,8
Henri-Petteri,8
Hesam,8
Hoàng,8
Hudson,8
Iain,8
Iason,8
Ibragim,8
Ifeanyi,8
Ignacio,8
Iivu,8
Ikechukwu,8
Imer,8
Isaak,8
Isai,8
Ishan,8
Isman,8
Izet,8
Jaabir,8
Jackie,8
Jade,8
Jan-Fredrik,8
Janne-Joonas,8
Janne-Mikael,8
Jan-Ola,8
Jan-Olav,8
Jarkka,8
Jarmo-Juhani,8
Jarne,8
Jaser,8
Jaspar,8
Jassu,8
Jawid,8
Jean-Paul,8
Jemil,8
Jere-Joonas,8
Jia,8
Jin,8
Joda,8
Joey,8
Johnnie,8
Jón,8
Joonis,8
Joppe,8
Jorgos,8
Josep,8
Josue,8
Joutsi,8
Judah,8
Juho-Joonas,8
Juho-Veikko,8
Jukka-Antero,8
Jusif,8
Jussi-Antti,8
Jyri-Jukka,8
Kadri,8
Kain,8
Kaj-Gunnar,8
Kaj-Ole,8
Kalle-Heikki,8
Kamel,8
Kari-Antti,8
Kari-Markus,8
Karl-Kristian,8
Karsten,8
Kashif,8
Kaur,8
Kayan,8
Kazi,8
Keivan,8
Kero,8
Kid,8
Kimon,8
Kron,8
Kumar,8
Larbi,8
Lars-Christian,8
Lars-Mikael,8
Lawi,8
Leewi,8
Levon,8
Liiam,8
Loa,8
Loghman,8
Loran,8
Lorens,8
Lorent,8
M.,8
Maajid,8
Maddox,8
Mahesh,8
Maksimus,8
Manish,8
Markkus,8
Marley,8
Márton,8
Martti-Mikael,8
Marttin,8
Matan,8
Matej,8
Mathew,8
Mathieu,8
Matti-Veikko,8
Mattus,8
Maximiliano,8
Maximilien,8
Max-Mikael,8
Mehmed,8
Metehan,8
Micha,8
Michalis,8
Mido,8
Migel,8
Mihály,8
Mihkal,8
Mihkku,8
Miico,8
Miika-Petteri,8
Mikaël,8
Mika-Kristian,8
Mikk,8
Mohaimen,8
Moris,8
Mudasir,8
Musaab,8
Mykhaylo,8
Myytti,8
Nehat,8
Nematullah,8
Nesta,8
Nicodemus,8
Niilo-Pekka,8
Niko-Kristian,8
Niko-Matias,8
Nils-Eric,8
Nir,8
Noak,8
Nuri,8
Nyrki,8
Odd,8
Oka,8
Oleh,8
Olli-Petri,8
Omed,8
Onnimanni,8
Onni-Petteri,8
Oren,8
Orson,8
Oulas,8
Ozzy,8
Paavo-Petteri,8
Paris,8
Peetter,8
Pena,8
Petka,8
Phong,8
Prakash,8
Qusai,8
Raja,8
Ramyar,8
Rashad,8
Raúl,8
Rawand,8
Rayane,8
Resul,8
Rhys,8
Riza,8
Róbert,8
Roby,8
Rock,8
Rodolfo,8
Rolf-Erik,8
Rowan,8
Rubert,8
Russell,8
Ruuno,8
Sagar,8
Sainey,8
Salu,8
Samael,8
Sami-Juhani,8
Sami-Kalle,8
Samsa,8
Sandy,8
Saro,8
Sasan,8
Sasu-Pekka,8
Savas,8
Sayd,8
Seamus,8
Shaban,8
Shah,8
Shoaib,8
Shorsh,8
Simen,8
Skyler,8
Son,8
Soroush,8
Sri,8
Stanislaw,8
Star,8
Styrbjörn,8
Suat,8
Subhan,8
Sven-Eric,8
Sven-Åke,8
Sylvesteri,8
Tadeusz,8
Tamir,8
Tare,8
Tatu-Petteri,8
Teiko,8
Téo,8
Tero-Tapani,8
Tewodros,8
Thim,8
Thony,8
Tiam,8
Tihon,8
Tiit,8
Timo-Tuomas,8
Tom-Peter,8
Torkel,8
Trim,8
Turan,8
Turgut,8
Tyyko,8
Uday,8
Uku,8
Ulf-Göran,8
Umer,8
Valerian,8
Valton,8
Veele,8
Ville-Erik,8
Ville-Jaakko,8
Vilppo,8
Vincenzo,8
Visa-Valtteri,8
Väinä,8
Walentin,8
Wallu,8
Ward,8
Williams,8
Wing,8
Yasiin,8
Ye,8
Zaman,8
Zebastian,8
Zeeshan,8
Ziggy,8
Özkan,8
Aadil,7
Aaro-Matti,7
Aaroni,7
Abdala,7
Abdelhak,7
Abdelilah,7
Abdeljalil,7
Abdifitah,7
Abdigani,7
Abdinur,7
Abdiqadar,7
Abdirashiid,7
Abdiwahid,7
Abdulhamid,7
Abhishek,7
Abubacarr,7
Acke,7
Ádám,7
Adama,7
Adedayo,7
Adeel,7
Adeyemi,7
Adriatik,7
Ahad,7
Akeem,7
Akito,7
Alparslan,7
Amanj,7
Amen,7
Amil,7
Amirhossein,7
Anastasios,7
Anatolij,7
Anian,7
Ansumana,7
Anteri,7
Antonin,7
António,7
Antonius,7
Antrei,7
Antti-Ilmari,7
Antti-Tuomas,7
Anup,7
Argjend,7
Arhippa,7
Arik,7
Arje,7
Armi,7
Arnel,7
Aros,7
Arran,7
Arsan,7
Artemiy,7
Arttu-Ville,7
Arvind,7
Asil,7
Atanas,7
Atif,7
Ato,7
Aweys,7
Ayanle,7
Aye,7
Bach,7
Basri,7
Behrouz,7
Benedikt,7
Benn,7
Bent,7
Bentley,7
Bishnu,7
Boes,7
Bo-Gunnar,7
Bohdan,7
Bora,7
Botond,7
Bouchaib,7
Boy,7
Brendon,7
Bubacarr,7
Caio,7
Carol,7
Cenk,7
Cheng,7
Chidera,7
Ciprian,7
Clarence,7
Cornelius,7
Coskun,7
Cristofer,7
Cumhur,7
Danyar,7
Darko,7
Daryoush,7
Davit,7
Dawood,7
Devansh,7
Devon,7
Doan,7
Domenic,7
Donny,7
Ebbot,7
Edip,7
Edson,7
Edvar,7
Eedi,7
Eemiel,7
Eenok,7
Eicca,7
Ejvind,7
Ekin,7
Elías,7
Elsayed,7
Emirhan,7
Enea,7
Enrik,7
Erdogan,7
Erik-Mikael,7
Erjo,7
Ermal,7
Ero,7
Esa-Jukka,7
Esa-Mikko,7
Esko-Juhani,7
Esko-Matti,7
Etvi,7
Evgenij,7
Fadel,7
Fadhil,7
Fatlum,7
Faustin,7
Fawad,7
Fazal,7
Feeti,7
Ferid,7
Ferit,7
Filipe,7
Flavio,7
Foad,7
Fuat,7
Gentian,7
Gentrit,7
Ghazwan,7
Gianni,7
Gopal,7
Gottfrid,7
Greg,7
Guleed,7
Gusten,7
Günther,7
Gzim,7
Haashim,7
Haki,7
Hamad,7
Hamdan,7
Hameed,7
Hammad,7
Hanne,7
Hannu-Tapani,7
Harith,7
Hatim,7
Hazar,7
Heigo,7
Heiko,7
Heka,7
Henryk,7
Hersh,7
Hesse,7
Hieu,7
Hilmi,7
Hossam,7
Hozan,7
Hugh,7
Humam,7
Idrees,7
Iggy,7
Iika,7
Iiro-Matti,7
Iivan,7
Ildar,7
Iliya,7
Ilker,7
Ilkka-Christian,7
Ilkka-Tapio,7
Ilmi,7
Ingo,7
Iqbal,7
Ishaan,7
Ishaaq,7
Istvan,7
Itai,7
Itamar,7
Jaakkima,7
Jacek,7
Jacky,7
Jahangir,7
Jalil,7
Jamin,7
Jan-Juhani,7
Janne-Kalle,7
Janne-Matias,7
Jannu,7
Jan-Petteri,7
Jan-Robert,7
Jan-Stefan,7
Jari-Tapani,7
Jarke,7
Jarkko-Petteri,7
Jarl-Olof,7
Jarno-Pekka,7
Jasser,7
Jean-Peter,7
Jeehu,7
Jeemil,7
Jehu,7
Jekku,7
Jere-Markus,7
Jeriel,7
Jeroen,7
Jiri-Pekka,7
Joni-Jussi,7
Jonis,7
Joris,7
Jouni-Petteri,7
Juha-Matias,7
Juha-Pentti,7
Juho-Erkki,7
Juho-Kustaa,7
Juice,7
Jukka-Sakari,7
Jukka-Veikko,7
Jukka-Veli,7
Jukka-Ville,7
Juli,7
Julias,7
Jurii,7
Jussi-Tapio,7
Juuda,7
Jöran,7
Kadhim,7
Kai-Henrik,7
Kaj-Christian,7
Kalle-Matias,7
Kane,7
Kara,7
Kari-Petri,7
Karl-August,7
Karl-Emil,7
Karl-Gunnar,7
Kassius,7
Kaya,7
Kazim,7
Kenji,7
Kenta,7
Khai,7
Killian,7
Kim-Mikael,7
Kinan,7
Kjell-Ove,7
Kobi,7
Kolja,7
Ku,7
Kuldeep,7
Lando,7
Landon,7
Laszlo,7
Lauri-Matias,7
Laurin,7
Lauri-Petteri,7
Laurus,7
Lawin,7
Lazaro,7
Leevi-Kalle,7
Lembit,7
Levan,7
Li,7
Liang,7
Lis,7
Loay,7
Loisto,7
Lokman,7
Lore,7
Mahamad,7
Maikel,7
Maksymilian,7
Mamdouh,7
Manolis,7
Mansuur,7
Marino,7
Marten,7
Matei,7
Matéo,7
Mati,7
Matías,7
Mats-Peter,7
Matti-Veli,7
Maurizio,7
Maverick,7
Mayar,7
Meeko,7
Mero,7
Mesbah,7
Mesfin,7
Micheal,7
Mihael,7
Miikka-Markus,7
Miikka-Pekka,7
Miikka-Petteri,7
Miikku,7
Miikus,7
Mijo,7
Mika-Matias,7
Mika-Veli,7
Mikkal,7
Mikko-Aleksi,7
Miklo,7
Miko-Matti,7
Miro-Markus,7
Miro-Pekka,7
Mitchell,7
Moaz,7
Mohamed-Amiin,7
Mohan,7
Mohd,7
Mowliid,7
Muaz,7
Mubashar,7
Mucad,7
Muntadar,7
Mursal,7
Myles,7
Naeem,7
Naji,7
Natnael,7
Nezir,7
Nicolò,7
Nigel,7
Niio,7
Nik,7
Nikla,7
Niko-Aleksi,7
Niko-Oskari,7
Nilas,7
Nils-Henrik,7
Nirmal,7
Noyan,7
Nuuh,7
Nuuradiin,7
Obed,7
Oisín,7
Okku,7
Olai,7
Olalekan,7
Olli-Markus,7
Olli-Matias,7
Olli-Veikka,7
Omri,7
Onni-Elias,7
Ontrei,7
Or,7
Orges,7
Orik,7
Orvar,7
Oski,7
Otto-Elias,7
Outa,7
Pak,7
Pan,7
Pasi-Heikki,7
Patricio,7
Per-Ove,7
Perparim,7
Pham,7
Pii,7
Putte,7
Pyry-Matti,7
Pål,7
Radwan,7
Rae,7
Ragip,7
Rahand,7
Raif,7
Rami-Petteri,7
Ramtin,7
Rasheed,7
Rauf,7
Rauli-Pekka,7
Reemi,7
Reinhard,7
Renee,7
Reyansh,7
Ricu,7
Rifat,7
Rikhart,7
Riku-Antti,7
Rinat,7
Roald,7
Robel,7
Roderick,7
Rohit,7
Roniel,7
Rostam,7
Rovan,7
Ryder,7
Saadaq,7
Sadeq,7
Sadiiq,7
Sahal,7
Sahel,7
Saied,7
Sajid,7
Sakkeus,7
Salama,7
Samar,7
Sameh,7
Sami-Heikki,7
Sami-Markus,7
Sami-Mikael,7
Samipekka,7
Samvel,7
Sanfrid,7
Santosh,7
Santtu-Matti,7
Saqib,7
Sarno,7
Senol,7
Serhii,7
Seydou,7
Shafici,7
Shahriar,7
Shalom,7
Shamal,7
Shay,7
Shefqet,7
Sherzad,7
Si,7
Siar,7
Sidney,7
Simo-Samuli,7
Simo-Veikko,7
Siraj,7
Slawomir,7
Sorjo,7
Stan,7
Steffan,7
Stenka,7
Stergios,7
Stig-Ole,7
Stiven,7
Suhail,7
Sujan,7
Suleman,7
Suleymaan,7
Surya,7
Sven-Gustav,7
Tahmid,7
Taif,7
Tal,7
Tanveer,7
Tarkan,7
Taym,7
Teemu-Tapio,7
Teno,7
Tepi,7
Than,7
Thierry,7
Tibor,7
Timo-Petri,7
Timotei,7
Timo-Ville,7
Tomi-Juhani,7
Tomi-Jussi,7
Tom-Mikael,7
Tong,7
Tõnis,7
Toni-Ville,7
Topi-Petteri,7
Tor-Leif,7
Truls,7
Tu,7
Turgay,7
Tuuri,7
Ulf-Peter,7
Usva,7
Uthman,7
Vaatu,7
Valtari,7
Veeti-Viljami,7
Venkata,7
Vesa-Jaakko,7
Vesa-Juhani,7
Vesa-Markus,7
Vesteri,7
Vikki,7
Vilde,7
Vili-Eemeli,7
Vili-Matti,7
Vilkku,7
Ville-Henrik,7
Ville-Pentti,7
Ville-Verneri,7
Vini,7
Voldemar,7
Voltti,7
Vuk,7
Wahab,7
Waltti,7
Warsame,7
Wassim,7
Weli,7
Welmeri,7
Wiking,7
Wilbur,7
Willjam,7
Wissam,7
Xhavit,7
Yakub,7
Yama,7
Yamen,7
Yashar,7
Yehia,7
Yehonatan,7
Ylber,7
Yoni,7
Yotam,7
Zagros,7
Zaur,7
Zeljko,7
Zia,7
Zohaib,7
Ämir,7
Aadan,6
Aadit,6
Aapa,6
Aapel,6
Aariz,6
Aarón,6
Aatu-Oskari,6
Abderahman,6
Abdijabar,6
Abdikafi,6
Abdiladif,6
Abdirazak,6
Abdirizaq,6
Abdisalaan,6
Abdiwahaab,6
Abdulgadir,6
Abdullatif,6
Abduqadir,6
Abdur,6
Abdurahim,6
Abhinav,6
Abiodun,6
Abram,6
Abubakr,6
Abuukar,6
Achilles,6
Achraf,6
Adebayo,6
Adedeji,6
Adeola,6
Ado,6
Advik,6
Agit,6
Agust,6
Ahnaf,6
Aitor,6
Aiub,6
Akar,6
Akilles,6
Aki-Markus,6
Akipekka,6
Ákos,6
Aku-Kimmo,6
Aku-Matias,6
Aku-Oskari,6
Alben,6
Aldur,6
Alem,6
Alfa,6
Alisina,6
Almin,6
Almo,6
Alo,6
Alonzo,6
Alperen,6
Alrik,6
Aly,6
Amandeep,6
Amarjit,6
Amaru,6
Amgad,6
Ammaar,6
Ánde,6
Andrian,6
Andro,6
Anish,6
Anri,6
Antonino,6
Antti-Aleksi,6
Antti-Eemil,6
Antti-Juhana,6
Antti-Kustaa,6
Antti-Markus,6
Anttony,6
Aramis,6
Ardalan,6
Ari-Antti,6
Arie,6
Arijan,6
Ari-Kalle,6
Ari-Kristian,6
Ari-Mikael,6
Ari-Seppo,6
Arish,6
Ariyan,6
Arpo,6
Arshad,6
Arshan,6
Arttu-Petteri,6
Ashley,6
Ashok,6
Athos,6
Atila,6
Atte-Petteri,6
Atte-Ville,6
Atti,6
Aung,6
Avar,6
Aviv,6
Avraham,6
Ayomide,6
Ayoob,6
Aysar,6
Ayush,6
Azim,6
Bahattin,6
Bahoz,6
Bai,6
Bakar,6
Balen,6
Bardia,6
Bedirhan,6
Benaja,6
Bence,6
Bengt-Göran,6
Bengt-Johan,6
Beniamin,6
Benito,6
Bennett,6
Benson,6
Berhane,6
Bero,6
Besian,6
Bijan,6
Binyamin,6
Bo-Håkan,6
Bo-Johan,6
Caesar,6
Cahit,6
Carl-Peter,6
Cayden,6
Cenneth,6
Chandra,6
Christiano,6
Cimi,6
Claes-Henrik,6
Clas-Erik,6
Cliff,6
Clifford,6
Corey,6
Cristoffer,6
Daani,6
Dale,6
Danar,6
Dane,6
Dan-Mikael,6
Danne,6
Danylo,6
Davinder,6
Davoud,6
Dayan,6
Demba,6
Derick,6
Diamant,6
Diler,6
Dillon,6
Dinesh,6
Diyan,6
Donart,6
Donovan,6
Dragan,6
Duong,6
Edoardo,6
Eedis,6
Eepo,6
Eero-Antti,6
Eero-Heikki,6
Eero-Matias,6
Eetu-Kalle,6
Eetu-Mikael,6
Eijo,6
Eino-Matti,6
Elai,6
Elham,6
Elisha,6
Eljan,6
Elvedin,6
Emanuele,6
Emilien,6
Enar,6
Endi,6
Enki,6
Enzio,6
Ephraim,6
Eppe,6
Eppu-Oskari,6
Era,6
Erkka-Ville,6
Erkki-Juhani,6
Esa-Veikko,6
Esko-Pekka,6
Eyad,6
Eyob,6
Faarah,6
Fady,6
Fahrudin,6
Faiz,6
Faizan,6
Fallou,6
Farman,6
Fawzi,6
Festim,6
Festus,6
Fidaim,6
Florin,6
Foday,6
François,6
Fuaad,6
Gad,6
Gaël,6
Gal,6
Ganesh,6
Gaspard,6
Gaston,6
Genc,6
Gent,6
Geo,6
Gerd,6
Giancarlo,6
Gianmarco,6
Gilad,6
Gilberto,6
Giorgi,6
Giorgos,6
Godwin,6
Graeme,6
Guilherme,6
Habibollah,6
Hafid,6
Haiku,6
Hakam,6
Halim,6
Halo,6
Halvar,6
Hamidreza,6
Hamzeh,6
Hans-Mikael,6
Harding,6
Harem,6
Harras,6
Harri-Petteri,6
Harri-Tapio,6
Hashir,6
Hassane,6
Hazhar,6
Heikki-Mikael,6
Heikki-Petteri,6
Heikki-Veli,6
Hemin,6
Henri-Markus,6
Henrique,6
Hichem,6
Hilpi,6
Hjalte,6
Hoa,6
Hossain,6
Hudeifa,6
Humberto,6
Huseyin,6
Huud,6
Håkon,6
Idriss,6
Ilkay,6
Ilkka-Matti,6
Indra,6
Indy,6
Inti,6
Iraj,6
Ivaan,6
Iván,6
Iver,6
Iyed,6
Jaakko-Veikko,6
Jaaro,6
Jahja,6
Jahje,6
Jai,6
Jaiden,6
Jamaal,6
Jammi,6
Jammu,6
Janar,6
Jan-Axel,6
Jan-Daniel,6
Jani-Aleksi,6
Jani-Erik,6
Jani-Henrik,6
Jani-Tapio,6
Janiv,6
Jan-Marcus,6
Janne-Jukka,6
Janne-Kristian,6
Janne-Tapio,6
Jan-Otto,6
Jarel,6
Jari-Seppo,6
Jari-Vesa,6
Jarkko-Matti,6
Jase,6
Jasi,6
Jassin,6
Jatro,6
Javed,6
Jean-Erik,6
Jean-Pierre,6
Jera,6
Jere-Kristian,6
Jesse-Joonatan,6
Jesse-Julius,6
Jhon,6
Jilo,6
Johan-Henrik,6
Jokko,6
Jonathon,6
Joni-Mikko,6
Joni-Oskari,6
Joni-Ville,6
Joona-Aleksi,6
Joona-Mikael,6
Joona-Oskari,6
Jooni,6
Jordi,6
Jose-Pekka,6
Jouni-Tapio,6
József,6
Juho-Eerik,6
Juho-Markus,6
Juho-Olli,6
Juho-Perttu,6
Juho-Petri,6
Juho-Santeri,6
Juho-Valtteri,6
Junes,6
Junus,6
Jussi-Eemeli,6
Juuso-Matti,6
Juuso-Ville,6
Jyri-Ville,6
Kaarl,6
Kader,6
Kai-Heikki,6
Kail,6
Kaitsu,6
Kaj-Markus,6
Kali,6
Kallas,6
Kalle-Aleksi,6
Kallepekka,6
Kaon,6
Kari-Erik,6
Kari-Veli,6
Karl-Eric,6
Karl-Göran,6
Karl-Markus,6
Karpo,6
Karthik,6
Kauro,6
Kayode,6
Keke,6
Kettil,6
Keyvan,6
Khadim,6
Khalif,6
Khalifa,6
Khanh,6
Kiarash,6
Kimi-Petteri,6
Kin,6
Komar,6
Koray,6
Kreshnik,6
Kristijan,6
Krisztián,6
Kwaku,6
Ky,6
Kyrö,6
Lai,6
Lari-Markus,6
Lars-Gunnar,6
Las,6
Lassi-Matias,6
Lassi-Petteri,6
Laurence,6
Laurens,6
Laurenz,6
Lauri-Veikko,6
Leevi-Eemeli,6
Leifi,6
Leif-Johan,6
Leno,6
Leutrim,6
Loren,6
Luay,6
Lucky,6
Ly,6
M,6
Maazim,6
Maco,6
Magdi,6
Magomed,6
Mahmod,6
Maksimilian,6
Malvin,6
Man,6
Manjit,6
Márk,6
Markku-Tapio,6
Martins,6
Martti-Juhani,6
Masih,6
Mathéo,6
Mathis,6
Matti-Eemeli,6
Matz,6
Mauri-Antero,6
Mauri-Pekka,6
Maximos,6
Maxmilian,6
Mazhar,6
Med,6
Meir,6
Mensur,6
Michelangelo,6
Micki,6
Mietti,6
Mika-Antero,6
Mikaeli,6
Mikko-Heikki,6
Mikko-Markus,6
Miklós,6
Miko-Markus,6
Miko-Petteri,6
Mikos,6
Mina,6
Minos,6
Miraç,6
Mircea,6
Mirek,6
Mirnes,6
Misko,6
Mladen,6
Moataz,6
Mobin,6
Mohamoud,6
Mohamuud,6
Mohannad,6
Mon,6
Mortada,6
Mosa,6
Moshe,6
Moulay,6
Mowlid,6
Mubin,6
Mudassar,6
Muhudin,6
Mukhtaar,6
Muqtar,6
Mushtaq,6
Muzamil,6
Mykhailo,6
Naattan,6
Nabaz,6
Nabin,6
Nail,6
Najibullah,6
Nart,6
Nasri,6
Nawaf,6
Nawzad,6
Nehemia,6
Nevin,6
Nghia,6
Niaz,6
Nicki,6
Nicolaus,6
Nico-Pekka,6
Nihal,6
Niiko,6
Niillas,6
Nika,6
Niko-Juhani,6
Niko-Teemu,6
Nils-Christian,6
Nils-Emil,6
Nils-Åke,6
Noh,6
Noman,6
Nooah,6
Nouman,6
Nurettin,6
Obaida,6
Obi,6
Octavio,6
Oden,6
Oguzhan,6
Okko-Pekka,6
Olli-Jaakko,6
Olli-Sakari,6
Olli-Tuomas,6
Oluwaseun,6
Onni-Ville,6
Orestis,6
Ori,6
Orjo,6
Osmi,6
Oso,6
Otro,6
Otto-Aleksi,6
Ottu,6
Oula-Antti,6
Ousainou,6
Outi,6
Ovidiu,6
Paco,6
Parham,6
Pasi-Jukka,6
Pauli-Pekka,6
Pawan,6
Payam,6
Payman,6
Peiman,6
Pekka-Eemeli,6
Pekka-Veikko,6
Pekki,6
Pele,6
Peo,6
Per-Ola,6
Petri-Tapani,6
Piera,6
Poika,6
Pouria,6
Pouta,6
Poyraz,6
Prabin,6
Pradeep,6
Qays,6
Quentin,6
Rabih,6
Rabin,6
Radi,6
Railo,6
Raju,6
Ramez,6
Raune,6
Rawad,6
Reagan,6
Reco,6
Ree,6
Reece,6
Rémy,6
Rento,6
Renzo,6
Richardo,6
Rihard,6
Rikke,6
Riku-Jussi,6
Riku-Matias,6
Riku-Oskari,6
Rizgar,6
Rizwan,6
Rober,6
Roberth,6
Rohat,6
Roj,6
Ronie,6
Ronin,6
Ronn,6
Roo,6
Rubén,6
Rubin,6
Ruurik,6
Saacid,6
Sa'ad,6
Sabin,6
Sadegh,6
Sadri,6
Safwaan,6
Sahir,6
Salvador,6
Samad,6
Samae,6
Sami-Tapio,6
Samiullah,6
Samuil,6
Sanel,6
Santos,6
Sarim,6
Sasu-Matti,6
Sasu-Petteri,6
Sattar,6
Sauvo,6
Seem,6
Semjon,6
Sepi,6
Sercan,6
Seri,6
Serko,6
Severin,6
Severus,6
Shahrokh,6
Shai,6
Shakhawan,6
Shan,6
Sherwan,6
Shiva,6
Shlomo,6
Shpend,6
Signar,6
Sivan,6
Skye,6
Smail,6
Sorri,6
Stig-Björn,6
Sturle,6
Suheb,6
Suheil,6
Suliman,6
Suune,6
Sven-Göran,6
Svyatoslav,6
Søren,6
Talib,6
Tari,6
Tawfiq,6
Teddie,6
Teho,6
Teino,6
Teljo,6
Tesfaye,6
Theodoros,6
Thilo,6
Thor-Björn,6
Tiar,6
Tiikka,6
Timmie,6
Timmo,6
Timo-Antti,6
Timo-Mikko,6
Timppa,6
Tobi,6
Tolga,6
Tomi-Kristian,6
Tomi-Petri,6
Tomi-Tapio,6
Toni-Tapani,6
Topia,6
Toprak,6
Toufik,6
Ufuk,6
Ukko-Matti,6
Umair,6
Umed,6
Uriel,6
Urs,6
Uvejs,6
Uzair,6
Valdrin,6
Valerio,6
Valtu,6
Vasco,6
Vasil,6
Vasile,6
Vasko,6
Veli-Mies,6
Veli-Sakari,6
Venner,6
Verno,6
Vesa-Jussi,6
Vesa-Markku,6
Vesapekka,6
Vesse,6
Vigo,6
Vile,6
Vilho-Valtteri,6
Vilias,6
Vili-Santeri,6
Vili-Waltteri,6
Viljar,6
Vilke,6
Ville-Petri,6
Ville-Santeri,6
Ville-Vertti,6
Villy,6
Vilmos,6
Vilpertti,6
Vittorio,6
Vivaan,6
Vivek,6
Väinö-Valtteri,6
Väinö-Viljami,6
Waqar,6
Waseem,6
Wesa,6
Wesam,6
Wilko,6
Willie,6
Woitto,6
Yaasiin,6
Yadgar,6
Yakov,6
Yani,6
Yari,6
Yaya,6
Yong,6
Younas,6
Yrjö-Pekka,6
Yukio,6
Zach,6
Zbigniew,6
Zheng,6
Zidan,6
Ziya,6
Zlatan,6
Zouhir,6
Zubeir,6
Änäs,6
Önder,6
Aage,5
Aalo,5
Aamer,5
Aamon,5
Aamu,5
Aarel,5
Aariv,5
Aayansh,5
Aban,5
Abdal,5
Abdalle,5
Abdalrahman,5
Abdelhafid,5
Abderrazak,5
Abdeslam,5
Abdiasiis,5
Abdiaziiz,5
Abdihafid,5
Abdikariin,5
Abdimajid,5
Abdinajib,5
Abdirahiim,5
Abdi-Rahman,5
Abdisalaam,5
Abdishakuur,5
Abdol,5
Abdu,5
Abdula,5
Abdulazeez,5
Abdulkader,5
Abdulkareem,5
Abdulrahim,5
Abdulsalam,5
Abdurrahim,5
Abid,5
Abir,5
Achille,5
Adekunle,5
Ademola,5
Adnane,5
Adyan,5
Afonso,5
Ahma,5
Ahura,5
Ain,5
Aki-Juhani,5
Aku-Kalle,5
Aladin,5
Alaric,5
Alber,5
Aleksandrs,5
Aleksi-Matias,5
Allani,5
Almar,5
Amanullah,5
Amedeo,5
Aminullah,5
Ananda,5
Anass,5
Anatoliy,5
Andras,5
Andrè,5
Anselmo,5
Anssi-Jukka,5
Antar,5
Anthoni,5
Antro,5
Ants,5
Antti-Johannes,5
Antti-Kalle,5
Anttimatti,5
Antti-Tapani,5
Aous,5
Arez,5
Arianit,5
Arias,5
Ari-Jaakko,5
Ari-Kalevi,5
Arild,5
Ari-Markus,5
Arkady,5
Arko,5
Arlen,5
Arndt,5
Arnes,5
Árpád,5
Arsh,5
Arshia,5
Arska,5
Arssi,5
Artemij,5
Arto-Matti,5
Ask,5
Asko-Pekka,5
Asmir,5
Atheer,5
Atte-Eemeli,5
Atto,5
Aulo,5
Aurelius,5
Auron,5
Avinash,5
Awad,5
Aylan,5
Ayyub,5
Azaan,5
Azat,5
Azem,5
Bagher,5
Bahaa,5
Bakari,5
Bamo,5
Bareq,5
Barnabas,5
Barnabás,5
Basir,5
Bassel,5
Bawer,5
Beau,5
Benedek,5
Benne,5
Beppe,5
Besar,5
Besfort,5
Besmir,5
Betim,5
Bewar,5
Bibek,5
Bikash,5
Bilel,5
Bimal,5
Biniam,5
Binod,5
Birhat,5
Birol,5
Bleon,5
Blerton,5
Blessing,5
Blin,5
Bo-Eric,5
Bo-Henrik,5
Bosco,5
Bowen,5
Brayden,5
Brent,5
Briar,5
Brice,5
Bryn,5
Bulut,5
Bünyamin,5
Byron,5
Caijus,5
Caj-Olof,5
Carl-Oskar,5
Carl-Otto,5
Carmelo,5
Cash,5
Çetin,5
Charl,5
Cheikh,5
Cherif,5
Cherno,5
Chibuike,5
Chidubem,5
Chimezie,5
Chinedum,5
Chol,5
Choman,5
Christiaan,5
Chun,5
Cillian,5
Clas-Henrik,5
Clas-Åke,5
Clayton,5
Clemens,5
Clément,5
Coby,5
Colt,5
Colton,5
Constantine,5
Constantinos,5
Cristopher,5
Cruz,5
Cuong,5
Daahir,5
Dahen,5
Dalha,5
Dalmar,5
Dalton,5
Danijel,5
Daniyar,5
Dan-Olof,5
Danyel,5
Dariel,5
Darwin,5
Dat,5
Dawid,5
De,5
Derin,5
Dhruv,5
Dilshad,5
Dimitrij,5
Din,5
Dio,5
Dionis,5
Divine,5
Dony,5
Doruk,5
Drew,5
Dustin,5
Dzenan,5
Dzmitry,5
Ediel,5
Edil,5
Edo,5
Eduart,5
Eero-Juhani,5
Eero-Oskari,5
Eetos,5
Eetu-Eemeli,5
Eetu-Elmeri,5
Eetu-Matias,5
Eetu-Valtteri,5
Eino-Aleksi,5
Eino-Olli,5
Eino-Ville,5
Eivar,5
Eke,5
Elad,5
Elden,5
Eleftherios,5
Eliahu,5
Eloy,5
Elvir,5
Elyan,5
Emery,5
Endel,5
Ender,5
Enssi,5
Eran,5
Erez,5
Ergo,5
Erkki-Sakari,5
Erlend,5
Erto,5
Esa-Juhani,5
Esau,5
Esa-Veli,5
Eslam,5
Ettore,5
Everett,5
Evgeniy,5
Evin,5
Eyüp,5
Fabrice,5
Fabrizio,5
Fahed,5
Famara,5
Farbod,5
Fateh,5
Fawaz,5
Feda,5
Femi,5
Feng,5
Feras,5
Fergus,5
Fethi,5
Feysal,5
Filmon,5
Floyd,5
Fortune,5
Francois,5
Franklyn,5
Frans-Eemil,5
Frans-Oscar,5
Fraser,5
Frederic,5
Fredy,5
Frejvid,5
Fron,5
Gadi,5
Gagan,5
Gard,5
Gareth,5
Garth,5
Gautam,5
Gavriil,5
Gergely,5
Ghali,5
Giorgio,5
Godfrey,5
Godswill,5
Graham,5
Grayson,5
Gui,5
Güner,5
Haim,5
Hajrudin,5
Hami,5
Hanif,5
Hannu-Matias,5
Hans-Christer,5
Hansel,5
Hans-Jürgen,5
Hans-Ole,5
Harel,5
Hares,5
Harpreet,5
Harri-Juhani,5
Harry-Pekka,5
Haruun,5
Haseeb,5
Hasibullah,5
Hasim,5
Haukar,5
Hawal,5
Henrick,5
Hentry,5
Hero,5
Hewa,5
Hiro,5
Hiskias,5
Honar,5
Hook,5
Hosni,5
Houssam,5
Howard,5
Hubertus,5
Hunor,5
Huseen,5
Husni,5
Hussen,5
Huvi,5
Iago,5
Ibraheem,5
Idor,5
Idrissa,5
Ihor,5
Ilarion,5
Ilves,5
Imed,5
Ira,5
Ismaan,5
Ismaila,5
Isuf,5
Iwan,5
Izzet,5
Jaad,5
Jaakoppi,5
Jaatu,5
Jacopo,5
Jadon,5
Jahvetti,5
Jairi,5
Jakup,5
Jami-Pekka,5
Janec,5
Jan-Henry,5
Jani-Antti,5
Jan-Matias,5
Janne-Antti,5
Janne-Petri,5
Jan-Oskar,5
Jan-Petri,5
Jan-Petter,5
Jari-Marko,5
Jarno-Juhani,5
Jaroslaw,5
Jasmir,5
Jean-Claude,5
Jean-Michel,5
Jed,5
Jeetu,5
Jefim,5
Jekki,5
Jelisei,5
Jelmer,5
Jens-Erik,5
Jenson,5
Jered,5
Jérémie,5
Jere-Santeri,5
Jerreh,5
Jeter,5
Jeve,5
Jibreel,5
Jing,5
Joaquim,5
Johan-Kristian,5
Johnathan,5
John-Peter,5
Jonel,5
Jon-Henrik,5
Joni-Jukka,5
Jonimatti,5
Joni-Santeri,5
Jonn,5
Joon,5
Joona-Kristian,5
Jope,5
Joram,5
Josh,5
Josué,5
Jotham,5
Jovnna,5
Juel,5
Juha-Kalle,5
Juho-Emil,5
Juho-Lauri,5
Juho-Otto,5
Juke,5
Jukka-Joonas,5
Jukkamatti,5
Jussi-Mikael,5
Jussi-Oskari,5
Jussi-Tapani,5
Juuso-Valtteri,5
Jwan,5
Jyrki-Petteri,5
Jöns,5
Kaaro,5
Kai-Peter,5
Kaj-Anders,5
Kaj-Christer,5
Kaj-Eric,5
Kaj-Göran,5
Kaj-Håkan,5
Kaj-Kristian,5
Kaj-Peter,5
Kalle-Erik,5
Kalle-Hermanni,5
Kalle-Kustaa,5
Kalle-Samuli,5
Kalle-Tapani,5
Kam,5
Kamiran,5
Karem,5
Kari-Antero,5
Kari-Heikki,5
Kari-Kristian,5
Karl-Fredrik,5
Karli,5
Kasem,5
Kastor,5
Kean,5
Kelechi,5
Kennedy,5
Kent-Johan,5
Keny,5
Keven,5
Keyse,5
Khodadad,5
Kide,5
Kimmo-Juhani,5
Kimmo-Pekka,5
King,5
Kingston,5
Kirk,5
Kjell-Johan,5
Klaes,5
Klaus-Peter,5
Kleo,5
Krasimir,5
Krenar,5
Krishan,5
Kristóf,5
Kurre,5
Kwan,5
Kyan,5
Kyaw,5
Kylian,5
Lachlan,5
Lael,5
Lang,5
Lari-Antti,5
Lari-Mikko,5
Laripekka,5
Lars-Gustav,5
Lauri-Heikki,5
Lauri-Johannes,5
Lauripekka,5
Lauri-Ville,5
Lazar,5
Leri,5
Lewi,5
Linh,5
Loai,5
Lorian,5
Lukasz,5
Lutfi,5
Maalik,5
Maamar,5
Maarten,5
Mads,5
Magan,5
Magdy,5
Maged,5
Magne,5
Mahammad,5
Mahin,5
Maison,5
Maitham,5
Majdi,5
Makwan,5
Mal,5
Malachi,5
Mansor,5
Manu-Pekka,5
Marin,5
Marko-Kristian,5
Maro,5
Marouan,5
Mars,5
Marti,5
Martti-Pekka,5
Maruan,5
Mateen,5
Matheos,5
Maxamed,5
Maxton,5
Mbemba,5
MD,5
Memet,5
Memo,5
Michell,5
Midas,5
Miha,5
Mihkkal,5
Miika-Juhani,5
Miikka-Aleksi,5
Miikko,5
Miitrei,5
Miitro,5
Mikko-Ilmari,5
Mikko-Johannes,5
Mikko-Sakari,5
Mikko-Veli,5
Mikla,5
Milas,5
Milen,5
Mileo,5
Mirhat,5
Miró,5
Mohit,5
Monty,5
Mosawer,5
Muadh,5
Muhudiin,5
Mundher,5
Muntadher,5
Musamil,5
Mussa,5
Muthana,5
Muzammil,5
Märt,5
Nadav,5
Naif,5
Nantte,5
Napoleon,5
Narek,5
Naresh,5
Naseer,5
Nassir,5
Natthaphon,5
Naveed,5
Nawid,5
Neel,5
Neero,5
Nels,5
Netanel,5
Neville,5
Nezar,5
Ngo,5
Nibras,5
Nigo,5
Nikanor,5
Nikitas,5
Niko-Erik,5
Niko-Jussi,5
Niko-Mikael,5
Nikon,5
Niko-Santeri,5
Niko-Tapio,5
Niko-Valtteri,5
Niku-Petteri,5
Niky,5
Ninos,5
Nizam,5
Nnamdi,5
Nooel,5
Nor,5
Norik,5
Nouh,5
Nouri,5
Numan,5
Nyyti,5
Obaid,5
Odert,5
Ofek,5
Ognjen,5
Olakunle,5
Olev,5
Olexandr,5
Olivér,5
Olli-Aleksi,5
Olli-Valtteri,5
Olmo,5
Oluwasegun,5
Om,5
Onni-Eemil,5
Onni-Hermanni,5
Onnipekka,5
Onni-Veikka,5
Onni-Veikko,5
Onyeka,5
Oras,5
Osei,5
Osiris,5
Ossama,5
Osse,5
Ossi-Matti,5
Ossy,5
Osvaldo,5
Otra,5
Otso-Pekka,5
Otto-Matti,5
Owais,5
Paavo-Matti,5
Paavo-Pekka,5
Palle,5
Pamir,5
Pasi-Juhani,5
Pasi-Markus,5
Peetus,5
Pekka-Matti,5
Pekka-Tapio,5
Peng,5
Pentti-Juhani,5
Pera,5
Per-Mikael,5
Petri-Markus,5
Phan,5
Phu,5
Pierce,5
Pieter,5
Pius,5
Poe,5
Pokko,5
Pol,5
Pranav,5
Prashant,5
Pravin,5
Predrag,5
Pär-Olof,5
Qaasim,5
Qadar,5
Qahtan,5
Rabi,5
Rafail,5
Rafat,5
Rafe,5
Raffaello,5
Raheem,5
Rahel,5
Raian,5
Raiden,5
Raiku,5
Rajiv,5
Raku,5
Ralf-Erik,5
Rami-Matti,5
Ramo,5
Raouf,5
Rasa,5
Rashed,5
Rasit,5
Ratmir,5
Ravil,5
Ravin,5
Reettu,5
Refik,5
Reginald,5
Reipas,5
Rekar,5
Renan,5
Resat,5
Richmond,5
Riemu,5
Rigon,5
Riio,5
Rijad,5
Riku-Juhani,5
Riku-Mikko,5
Rishi,5
Risto-Juhani,5
Rizvan,5
Rogert,5
Rolan,5
Roméo,5
Roni-Mikael,5
Roni-Pekka,5
Ronit,5
Ronne,5
Roope-Rasmus,5
Roozbeh,5
Rori,5
Rossi,5
Rrahim,5
Rudolph,5
Ruuti,5
Saaid,5
Saalim,5
Saam,5
Saami,5
Saamo,5
Sachin,5
Sadam,5
Sadaq,5
Sade,5
Safar,5
Sager,5
Sahas,5
Saihou,5
Saku-Mikko,5
Salad,5
Salwan,5
Samed,5
Samiar,5
Samiel,5
Sami-Henrik,5
Sami-Jaakko,5
Samil,5
Samim,5
Sami-Sebastian,5
Sami-Tapani,5
Sami-Veikko,5
Sammi,5
Samrat,5
Samu-Matti,5
Sanjeev,5
Santtu-Petteri,5
Sarkaut,5
Sava,5
Savvas,5
Séan,5
Sebastiano,5
Seedy,5
Sehmus,5
Seikko,5
Selman,5
Sepehr,5
Sergiu,5
Setri,5
Sever,5
Seyhmus,5
Sezgin,5
Shaafici,5
Shahar,5
Shaip,5
Shams,5
Shankar,5
Shannon,5
Shaurya,5
Shefki,5
Shihab,5
Shiv,5
Shivan,5
Shpetim,5
Shuan,5
Siad,5
Siddharth,5
Silmu,5
Simón,5
Simo-Sakari,5
Simo-Ville,5
Sipo,5
Sipri,5
Sirus,5
Sisu-Petteri,5
Siver,5
Siyaad,5
Skylar,5
Slim,5
Soe,5
Sofia,5
Sole,5
Soltan,5
Sondre,5
Sora,5
Spiridon,5
Spiros,5
Stelios,5
Stewart,5
Stig-Henrik,5
Stig-Johan,5
Subeer,5
Sudeys,5
Sulejman,5
Sulev,5
Surendra,5
Susi,5
Svein,5
Sviatoslav,5
Sylejman,5
Sysi,5
Ta,5
Tagir,5
Tahar,5
Tahsin,5
Taiga,5
Talvi,5
Tawan,5
Tayyab,5
Teemu-Eemeli,5
Teemu-Oskari,5
Teemu-Santeri,5
Teemu-Tapani,5
Teivo,5
Tero-Antti,5
Tero-Heikki,5
Tero-Juhani,5
Tero-Markus,5
Tero-Petri,5
Tervo,5
Théodore,5
Timo-Markus,5
Timo-Olli,5
Timopekka,5
Tintti,5
Toivo-Olavi,5
Toivo-Pekka,5
Tom-Christian,5
Tome,5
Tomi-Heikki,5
Tomi-Jukka,5
Tomislav,5
Tommi-Tapio,5
Toni-Erik,5
Topi-Antti,5
Topi-Oskari,5
Topi-Valtteri,5
Tor-Gunnar,5
Trey,5
Trond,5
Tufan,5
Tuna,5
Tunna,5
Tuomas-Petteri,5
Tuuka,5
Tuukka-Matias,5
Tuukka-Pekka,5
Ty,5
Ubbe,5
Uffe,5
Ui,5
Ukko-Veikko,5
Uladzimir,5
Ulf-Johan,5
Ulrich,5
Unai,5
Unne,5
Unski,5
Uras,5
Urmo,5
Usaama,5
Utti,5
Uuri,5
Uyi,5
Vahur,5
Valdet,5
Valpas,5
Valtte,5
Vante,5
Vedad,5
Veeti-Waltteri,5
Veikka-Pekka,5
Veikko-Matti,5
Veikko-Pekka,5
Velho,5
Veli-Juha,5
Veli-Viljami,5
Velja,5
Veljo,5
Venno,5
Vernon,5
Veysel,5
Veysi,5
Vicktor,5
Vihtor,5
Vijay,5
Viktors,5
Viku,5
Vilkka,5
Villem,5
Ville-Paavo,5
Ville-Väinö,5
Vilson,5
Vimme,5
Vinny,5
Vinod,5
Vitalij,5
Väinämö,5
Wahidullah,5
Wenzel,5
Wille-Veikko,5
Witold,5
Xhafer,5
Y,5
Yacin,5
Yad,5
Yair,5
Yang,5
Yanis,5
Yannis,5
Yaron,5
Yaw,5
Yehor,5
Yi,5
Ying,5
Yiu,5
Yoda,5
Yohan,5
Yonathan,5
Yones,5
Yosuf,5
Yusupha,5
Yücel,5
Zabihullah,5
Zaher,5
Zakarya,5
Zakir,5
Zan,5
Zarif,5
Zen,5
Zeyd,5
Zhi,5
Zimi,5
Zola,5
Zubayr,5